date,sku_id,units
2026-07-06,SKU001,0
2026-07-07,SKU001,2
2026-07-08,SKU001,4
2026-07-09,SKU001,1
2026-07-10,SKU001,0
2026-07-11,SKU001,2
2026-07-12,SKU001,2
2026-07-13,SKU001,2
2026-07-14,SKU001,2
2026-07-15,SKU001,2
2026-07-16,SKU001,4
2026-07-17,SKU001,2
2026-07-18,SKU001,3
2026-07-19,SKU001,4
2026-07-20,SKU001,3
2026-07-21,SKU001,0
2026-07-22,SKU001,1
2026-07-23,SKU001,2
2026-07-24,SKU001,0
2026-07-25,SKU001,3
2026-07-26,SKU001,2
2026-07-27,SKU001,3
2026-07-28,SKU001,4
2026-07-29,SKU001,1
2026-07-30,SKU001,2
2026-07-31,SKU001,2
2026-08-01,SKU001,2
2026-08-02,SKU001,4
2026-08-03,SKU001,2
2026-08-04,SKU001,4
2026-08-05,SKU001,3
2026-08-06,SKU001,2
2026-08-07,SKU001,7
2026-08-08,SKU001,3
2026-08-09,SKU001,3
2026-08-10,SKU001,1
2026-08-11,SKU001,1
2026-08-12,SKU001,2
2026-08-13,SKU001,4
2026-08-14,SKU001,0
2026-08-15,SKU001,1
2026-08-16,SKU001,2
2026-08-17,SKU001,2
2026-08-18,SKU001,3
2026-08-19,SKU001,2
2026-08-20,SKU001,2
2026-08-21,SKU001,3
2026-08-22,SKU001,2
2026-08-23,SKU001,1
2026-08-24,SKU001,6
2026-08-25,SKU001,0
2026-08-26,SKU001,3
2026-08-27,SKU001,4
2026-08-28,SKU001,3
2026-08-29,SKU001,1
2026-08-30,SKU001,3
2026-08-31,SKU001,1
2026-09-01,SKU001,2
2026-09-02,SKU001,2
2026-09-03,SKU001,1
2026-09-04,SKU001,0
2026-09-05,SKU001,1
2026-09-06,SKU001,1
2026-09-07,SKU001,3
2026-09-08,SKU001,2
2026-09-09,SKU001,1
2026-09-10,SKU001,2
2026-09-11,SKU001,0
2026-09-12,SKU001,2
2026-09-13,SKU001,1
2026-09-14,SKU001,1
2026-09-15,SKU001,7
2026-09-16,SKU001,3
2026-09-17,SKU001,2
2026-09-18,SKU001,1
2026-09-19,SKU001,2
2026-09-20,SKU001,2
2026-09-21,SKU001,4
2026-09-22,SKU001,3
2026-09-23,SKU001,3
2026-09-24,SKU001,2
2026-09-25,SKU001,2
2026-09-26,SKU001,2
2026-09-27,SKU001,4
2026-09-28,SKU001,4
2026-09-29,SKU001,0
2026-09-30,SKU001,1
2026-10-01,SKU001,3
2026-10-02,SKU001,5
2026-10-03,SKU001,1
2026-07-06,SKU002,2
2026-07-07,SKU002,1
2026-07-08,SKU002,2
2026-07-09,SKU002,1
2026-07-10,SKU002,0
2026-07-11,SKU002,0
2026-07-12,SKU002,2
2026-07-13,SKU002,3
2026-07-14,SKU002,1
2026-07-15,SKU002,3
2026-07-16,SKU002,2
2026-07-17,SKU002,2
2026-07-18,SKU002,2
2026-07-19,SKU002,1
2026-07-20,SKU002,1
2026-07-21,SKU002,1
2026-07-22,SKU002,2
2026-07-23,SKU002,1
2026-07-24,SKU002,3
2026-07-25,SKU002,1
2026-07-26,SKU002,1
2026-07-27,SKU002,1
2026-07-28,SKU002,2
2026-07-29,SKU002,0
2026-07-30,SKU002,0
2026-07-31,SKU002,2
2026-08-01,SKU002,1
2026-08-02,SKU002,5
2026-08-03,SKU002,0
2026-08-04,SKU002,0
2026-08-05,SKU002,2
2026-08-06,SKU002,1
2026-08-07,SKU002,1
2026-08-08,SKU002,1
2026-08-09,SKU002,2
2026-08-10,SKU002,1
2026-08-11,SKU002,2
2026-08-12,SKU002,0
2026-08-13,SKU002,0
2026-08-14,SKU002,3
2026-08-15,SKU002,1
2026-08-16,SKU002,2
2026-08-17,SKU002,3
2026-08-18,SKU002,1
2026-08-19,SKU002,1
2026-08-20,SKU002,0
2026-08-21,SKU002,0
2026-08-22,SKU002,1
2026-08-23,SKU002,2
2026-08-24,SKU002,1
2026-08-25,SKU002,1
2026-08-26,SKU002,0
2026-08-27,SKU002,1
2026-08-28,SKU002,0
2026-08-29,SKU002,3
2026-08-30,SKU002,1
2026-08-31,SKU002,2
2026-09-01,SKU002,1
2026-09-02,SKU002,4
2026-09-03,SKU002,2
2026-09-04,SKU002,2
2026-09-05,SKU002,0
2026-09-06,SKU002,1
2026-09-07,SKU002,1
2026-09-08,SKU002,0
2026-09-09,SKU002,1
2026-09-10,SKU002,0
2026-09-11,SKU002,2
2026-09-12,SKU002,0
2026-09-13,SKU002,1
2026-09-14,SKU002,3
2026-09-15,SKU002,1
2026-09-16,SKU002,1
2026-09-17,SKU002,1
2026-09-18,SKU002,0
2026-09-19,SKU002,1
2026-09-20,SKU002,0
2026-09-21,SKU002,5
2026-09-22,SKU002,1
2026-09-23,SKU002,0
2026-09-24,SKU002,2
2026-09-25,SKU002,0
2026-09-26,SKU002,0
2026-09-27,SKU002,1
2026-09-28,SKU002,0
2026-09-29,SKU002,0
2026-09-30,SKU002,1
2026-10-01,SKU002,1
2026-10-02,SKU002,0
2026-10-03,SKU002,5
2026-07-06,SKU003,0
2026-07-07,SKU003,1
2026-07-08,SKU003,1
2026-07-09,SKU003,2
2026-07-10,SKU003,3
2026-07-11,SKU003,1
2026-07-12,SKU003,0
2026-07-13,SKU003,0
2026-07-14,SKU003,2
2026-07-15,SKU003,0
2026-07-16,SKU003,0
2026-07-17,SKU003,0
2026-07-18,SKU003,2
2026-07-19,SKU003,1
2026-07-20,SKU003,0
2026-07-21,SKU003,1
2026-07-22,SKU003,2
2026-07-23,SKU003,4
2026-07-24,SKU003,1
2026-07-25,SKU003,1
2026-07-26,SKU003,1
2026-07-27,SKU003,2
2026-07-28,SKU003,2
2026-07-29,SKU003,0
2026-07-30,SKU003,0
2026-07-31,SKU003,1
2026-08-01,SKU003,3
2026-08-02,SKU003,1
2026-08-03,SKU003,3
2026-08-04,SKU003,0
2026-08-05,SKU003,0
2026-08-06,SKU003,0
2026-08-07,SKU003,0
2026-08-08,SKU003,3
2026-08-09,SKU003,2
2026-08-10,SKU003,0
2026-08-11,SKU003,2
2026-08-12,SKU003,1
2026-08-13,SKU003,0
2026-08-14,SKU003,0
2026-08-15,SKU003,2
2026-08-16,SKU003,1
2026-08-17,SKU003,1
2026-08-18,SKU003,1
2026-08-19,SKU003,0
2026-08-20,SKU003,1
2026-08-21,SKU003,0
2026-08-22,SKU003,0
2026-08-23,SKU003,3
2026-08-24,SKU003,0
2026-08-25,SKU003,0
2026-08-26,SKU003,2
2026-08-27,SKU003,1
2026-08-28,SKU003,2
2026-08-29,SKU003,0
2026-08-30,SKU003,0
2026-08-31,SKU003,0
2026-09-01,SKU003,0
2026-09-02,SKU003,1
2026-09-03,SKU003,0
2026-09-04,SKU003,2
2026-09-05,SKU003,1
2026-09-06,SKU003,1
2026-09-07,SKU003,0
2026-09-08,SKU003,2
2026-09-09,SKU003,1
2026-09-10,SKU003,0
2026-09-11,SKU003,0
2026-09-12,SKU003,0
2026-09-13,SKU003,0
2026-09-14,SKU003,1
2026-09-15,SKU003,1
2026-09-16,SKU003,1
2026-09-17,SKU003,2
2026-09-18,SKU003,3
2026-09-19,SKU003,1
2026-09-20,SKU003,2
2026-09-21,SKU003,0
2026-09-22,SKU003,0
2026-09-23,SKU003,1
2026-09-24,SKU003,0
2026-09-25,SKU003,0
2026-09-26,SKU003,0
2026-09-27,SKU003,1
2026-09-28,SKU003,0
2026-09-29,SKU003,0
2026-09-30,SKU003,0
2026-10-01,SKU003,0
2026-10-02,SKU003,0
2026-10-03,SKU003,1
2026-07-06,SKU004,0
2026-07-07,SKU004,0
2026-07-08,SKU004,0
2026-07-09,SKU004,0
2026-07-10,SKU004,0
2026-07-11,SKU004,1
2026-07-12,SKU004,0
2026-07-13,SKU004,0
2026-07-14,SKU004,0
2026-07-15,SKU004,0
2026-07-16,SKU004,2
2026-07-17,SKU004,0
2026-07-18,SKU004,0
2026-07-19,SKU004,0
2026-07-20,SKU004,1
2026-07-21,SKU004,0
2026-07-22,SKU004,1
2026-07-23,SKU004,0
2026-07-24,SKU004,1
2026-07-25,SKU004,0
2026-07-26,SKU004,0
2026-07-27,SKU004,1
2026-07-28,SKU004,0
2026-07-29,SKU004,0
2026-07-30,SKU004,0
2026-07-31,SKU004,1
2026-08-01,SKU004,1
2026-08-02,SKU004,1
2026-08-03,SKU004,1
2026-08-04,SKU004,0
2026-08-05,SKU004,2
2026-08-06,SKU004,1
2026-08-07,SKU004,2
2026-08-08,SKU004,1
2026-08-09,SKU004,1
2026-08-10,SKU004,0
2026-08-11,SKU004,0
2026-08-12,SKU004,0
2026-08-13,SKU004,0
2026-08-14,SKU004,0
2026-08-15,SKU004,0
2026-08-16,SKU004,0
2026-08-17,SKU004,0
2026-08-18,SKU004,1
2026-08-19,SKU004,1
2026-08-20,SKU004,1
2026-08-21,SKU004,0
2026-08-22,SKU004,0
2026-08-23,SKU004,1
2026-08-24,SKU004,0
2026-08-25,SKU004,1
2026-08-26,SKU004,0
2026-08-27,SKU004,1
2026-08-28,SKU004,0
2026-08-29,SKU004,2
2026-08-30,SKU004,1
2026-08-31,SKU004,0
2026-09-01,SKU004,1
2026-09-02,SKU004,1
2026-09-03,SKU004,0
2026-09-04,SKU004,1
2026-09-05,SKU004,1
2026-09-06,SKU004,1
2026-09-07,SKU004,0
2026-09-08,SKU004,1
2026-09-09,SKU004,0
2026-09-10,SKU004,2
2026-09-11,SKU004,0
2026-09-12,SKU004,0
2026-09-13,SKU004,1
2026-09-14,SKU004,0
2026-09-15,SKU004,0
2026-09-16,SKU004,1
2026-09-17,SKU004,1
2026-09-18,SKU004,1
2026-09-19,SKU004,0
2026-09-20,SKU004,2
2026-09-21,SKU004,0
2026-09-22,SKU004,2
2026-09-23,SKU004,0
2026-09-24,SKU004,1
2026-09-25,SKU004,1
2026-09-26,SKU004,0
2026-09-27,SKU004,3
2026-09-28,SKU004,0
2026-09-29,SKU004,1
2026-09-30,SKU004,1
2026-10-01,SKU004,2
2026-10-02,SKU004,0
2026-10-03,SKU004,1
2026-07-06,SKU005,0
2026-07-07,SKU005,0
2026-07-08,SKU005,1
2026-07-09,SKU005,0
2026-07-10,SKU005,0
2026-07-11,SKU005,0
2026-07-12,SKU005,0
2026-07-13,SKU005,0
2026-07-14,SKU005,0
2026-07-15,SKU005,0
2026-07-16,SKU005,1
2026-07-17,SKU005,0
2026-07-18,SKU005,2
2026-07-19,SKU005,0
2026-07-20,SKU005,0
2026-07-21,SKU005,0
2026-07-22,SKU005,0
2026-07-23,SKU005,0
2026-07-24,SKU005,0
2026-07-25,SKU005,0
2026-07-26,SKU005,2
2026-07-27,SKU005,0
2026-07-28,SKU005,0
2026-07-29,SKU005,0
2026-07-30,SKU005,5
2026-07-31,SKU005,0
2026-08-01,SKU005,0
2026-08-02,SKU005,0
2026-08-03,SKU005,1
2026-08-04,SKU005,2
2026-08-05,SKU005,0
2026-08-06,SKU005,0
2026-08-07,SKU005,0
2026-08-08,SKU005,2
2026-08-09,SKU005,0
2026-08-10,SKU005,0
2026-08-11,SKU005,0
2026-08-12,SKU005,2
2026-08-13,SKU005,1
2026-08-14,SKU005,1
2026-08-15,SKU005,0
2026-08-16,SKU005,1
2026-08-17,SKU005,1
2026-08-18,SKU005,0
2026-08-19,SKU005,3
2026-08-20,SKU005,1
2026-08-21,SKU005,0
2026-08-22,SKU005,0
2026-08-23,SKU005,4
2026-08-24,SKU005,1
2026-08-25,SKU005,1
2026-08-26,SKU005,0
2026-08-27,SKU005,3
2026-08-28,SKU005,1
2026-08-29,SKU005,1
2026-08-30,SKU005,0
2026-08-31,SKU005,1
2026-09-01,SKU005,2
2026-09-02,SKU005,1
2026-09-03,SKU005,4
2026-09-04,SKU005,2
2026-09-05,SKU005,3
2026-09-06,SKU005,2
2026-09-07,SKU005,2
2026-09-08,SKU005,2
2026-09-09,SKU005,1
2026-09-10,SKU005,0
2026-09-11,SKU005,1
2026-09-12,SKU005,3
2026-09-13,SKU005,4
2026-09-14,SKU005,0
2026-09-15,SKU005,2
2026-09-16,SKU005,4
2026-09-17,SKU005,1
2026-09-18,SKU005,3
2026-09-19,SKU005,4
2026-09-20,SKU005,2
2026-09-21,SKU005,1
2026-09-22,SKU005,0
2026-09-23,SKU005,3
2026-09-24,SKU005,1
2026-09-25,SKU005,2
2026-09-26,SKU005,1
2026-09-27,SKU005,1
2026-09-28,SKU005,2
2026-09-29,SKU005,1
2026-09-30,SKU005,3
2026-10-01,SKU005,3
2026-10-02,SKU005,1
2026-10-03,SKU005,6
2026-07-06,SKU006,3
2026-07-07,SKU006,5
2026-07-08,SKU006,3
2026-07-09,SKU006,1
2026-07-10,SKU006,1
2026-07-11,SKU006,2
2026-07-12,SKU006,2
2026-07-13,SKU006,0
2026-07-14,SKU006,3
2026-07-15,SKU006,1
2026-07-16,SKU006,2
2026-07-17,SKU006,0
2026-07-18,SKU006,4
2026-07-19,SKU006,0
2026-07-20,SKU006,1
2026-07-21,SKU006,2
2026-07-22,SKU006,1
2026-07-23,SKU006,1
2026-07-24,SKU006,2
2026-07-25,SKU006,3
2026-07-26,SKU006,3
2026-07-27,SKU006,1
2026-07-28,SKU006,1
2026-07-29,SKU006,3
2026-07-30,SKU006,1
2026-07-31,SKU006,3
2026-08-01,SKU006,1
2026-08-02,SKU006,0
2026-08-03,SKU006,1
2026-08-04,SKU006,0
2026-08-05,SKU006,0
2026-08-06,SKU006,2
2026-08-07,SKU006,2
2026-08-08,SKU006,0
2026-08-09,SKU006,4
2026-08-10,SKU006,1
2026-08-11,SKU006,0
2026-08-12,SKU006,2
2026-08-13,SKU006,1
2026-08-14,SKU006,0
2026-08-15,SKU006,0
2026-08-16,SKU006,1
2026-08-17,SKU006,0
2026-08-18,SKU006,0
2026-08-19,SKU006,0
2026-08-20,SKU006,1
2026-08-21,SKU006,1
2026-08-22,SKU006,2
2026-08-23,SKU006,3
2026-08-24,SKU006,0
2026-08-25,SKU006,1
2026-08-26,SKU006,2
2026-08-27,SKU006,2
2026-08-28,SKU006,0
2026-08-29,SKU006,1
2026-08-30,SKU006,0
2026-08-31,SKU006,1
2026-09-01,SKU006,2
2026-09-02,SKU006,0
2026-09-03,SKU006,1
2026-09-04,SKU006,2
2026-09-05,SKU006,0
2026-09-06,SKU006,0
2026-09-07,SKU006,2
2026-09-08,SKU006,1
2026-09-09,SKU006,2
2026-09-10,SKU006,0
2026-09-11,SKU006,1
2026-09-12,SKU006,1
2026-09-13,SKU006,0
2026-09-14,SKU006,0
2026-09-15,SKU006,0
2026-09-16,SKU006,0
2026-09-17,SKU006,0
2026-09-18,SKU006,1
2026-09-19,SKU006,0
2026-09-20,SKU006,0
2026-09-21,SKU006,0
2026-09-22,SKU006,0
2026-09-23,SKU006,1
2026-09-24,SKU006,2
2026-09-25,SKU006,0
2026-09-26,SKU006,0
2026-09-27,SKU006,1
2026-09-28,SKU006,2
2026-09-29,SKU006,0
2026-09-30,SKU006,1
2026-10-01,SKU006,0
2026-10-02,SKU006,0
2026-10-03,SKU006,2
2026-07-06,SKU007,0
2026-07-07,SKU007,2
2026-07-08,SKU007,2
2026-07-09,SKU007,1
2026-07-10,SKU007,0
2026-07-11,SKU007,0
2026-07-12,SKU007,0
2026-07-13,SKU007,2
2026-07-14,SKU007,1
2026-07-15,SKU007,3
2026-07-16,SKU007,0
2026-07-17,SKU007,1
2026-07-18,SKU007,2
2026-07-19,SKU007,1
2026-07-20,SKU007,0
2026-07-21,SKU007,0
2026-07-22,SKU007,0
2026-07-23,SKU007,1
2026-07-24,SKU007,0
2026-07-25,SKU007,2
2026-07-26,SKU007,3
2026-07-27,SKU007,0
2026-07-28,SKU007,1
2026-07-29,SKU007,2
2026-07-30,SKU007,0
2026-07-31,SKU007,1
2026-08-01,SKU007,0
2026-08-02,SKU007,3
2026-08-03,SKU007,0
2026-08-04,SKU007,1
2026-08-05,SKU007,1
2026-08-06,SKU007,1
2026-08-07,SKU007,0
2026-08-08,SKU007,2
2026-08-09,SKU007,3
2026-08-10,SKU007,2
2026-08-11,SKU007,0
2026-08-12,SKU007,1
2026-08-13,SKU007,2
2026-08-14,SKU007,0
2026-08-15,SKU007,0
2026-08-16,SKU007,1
2026-08-17,SKU007,2
2026-08-18,SKU007,0
2026-08-19,SKU007,1
2026-08-20,SKU007,1
2026-08-21,SKU007,1
2026-08-22,SKU007,1
2026-08-23,SKU007,1
2026-08-24,SKU007,0
2026-08-25,SKU007,1
2026-08-26,SKU007,0
2026-08-27,SKU007,0
2026-08-28,SKU007,0
2026-08-29,SKU007,0
2026-08-30,SKU007,1
2026-08-31,SKU007,2
2026-09-01,SKU007,2
2026-09-02,SKU007,0
2026-09-03,SKU007,0
2026-09-04,SKU007,0
2026-09-05,SKU007,3
2026-09-06,SKU007,1
2026-09-07,SKU007,1
2026-09-08,SKU007,2
2026-09-09,SKU007,0
2026-09-10,SKU007,1
2026-09-11,SKU007,0
2026-09-12,SKU007,2
2026-09-13,SKU007,0
2026-09-14,SKU007,0
2026-09-15,SKU007,1
2026-09-16,SKU007,0
2026-09-17,SKU007,0
2026-09-18,SKU007,1
2026-09-19,SKU007,2
2026-09-20,SKU007,3
2026-09-21,SKU007,1
2026-09-22,SKU007,0
2026-09-23,SKU007,2
2026-09-24,SKU007,0
2026-09-25,SKU007,0
2026-09-26,SKU007,0
2026-09-27,SKU007,0
2026-09-28,SKU007,0
2026-09-29,SKU007,0
2026-09-30,SKU007,0
2026-10-01,SKU007,1
2026-10-02,SKU007,1
2026-10-03,SKU007,0
2026-07-06,SKU008,0
2026-07-07,SKU008,0
2026-07-08,SKU008,1
2026-07-09,SKU008,3
2026-07-10,SKU008,0
2026-07-11,SKU008,0
2026-07-12,SKU008,0
2026-07-13,SKU008,0
2026-07-14,SKU008,2
2026-07-15,SKU008,1
2026-07-16,SKU008,4
2026-07-17,SKU008,0
2026-07-18,SKU008,0
2026-07-19,SKU008,2
2026-07-20,SKU008,2
2026-07-21,SKU008,0
2026-07-22,SKU008,2
2026-07-23,SKU008,0
2026-07-24,SKU008,1
2026-07-25,SKU008,1
2026-07-26,SKU008,0
2026-07-27,SKU008,1
2026-07-28,SKU008,1
2026-07-29,SKU008,2
2026-07-30,SKU008,1
2026-07-31,SKU008,1
2026-08-01,SKU008,1
2026-08-02,SKU008,3
2026-08-03,SKU008,0
2026-08-04,SKU008,3
2026-08-05,SKU008,3
2026-08-06,SKU008,3
2026-08-07,SKU008,2
2026-08-08,SKU008,2
2026-08-09,SKU008,1
2026-08-10,SKU008,0
2026-08-11,SKU008,3
2026-08-12,SKU008,0
2026-08-13,SKU008,1
2026-08-14,SKU008,0
2026-08-15,SKU008,1
2026-08-16,SKU008,3
2026-08-17,SKU008,0
2026-08-18,SKU008,1
2026-08-19,SKU008,0
2026-08-20,SKU008,0
2026-08-21,SKU008,0
2026-08-22,SKU008,2
2026-08-23,SKU008,2
2026-08-24,SKU008,1
2026-08-25,SKU008,1
2026-08-26,SKU008,0
2026-08-27,SKU008,0
2026-08-28,SKU008,1
2026-08-29,SKU008,0
2026-08-30,SKU008,1
2026-08-31,SKU008,0
2026-09-01,SKU008,0
2026-09-02,SKU008,1
2026-09-03,SKU008,1
2026-09-04,SKU008,3
2026-09-05,SKU008,6
2026-09-06,SKU008,0
2026-09-07,SKU008,0
2026-09-08,SKU008,1
2026-09-09,SKU008,1
2026-09-10,SKU008,2
2026-09-11,SKU008,0
2026-09-12,SKU008,5
2026-09-13,SKU008,1
2026-09-14,SKU008,2
2026-09-15,SKU008,1
2026-09-16,SKU008,0
2026-09-17,SKU008,0
2026-09-18,SKU008,0
2026-09-19,SKU008,3
2026-09-20,SKU008,0
2026-09-21,SKU008,0
2026-09-22,SKU008,1
2026-09-23,SKU008,1
2026-09-24,SKU008,2
2026-09-25,SKU008,0
2026-09-26,SKU008,1
2026-09-27,SKU008,1
2026-09-28,SKU008,0
2026-09-29,SKU008,2
2026-09-30,SKU008,1
2026-10-01,SKU008,0
2026-10-02,SKU008,2
2026-10-03,SKU008,0
2026-07-06,SKU009,0
2026-07-07,SKU009,1
2026-07-08,SKU009,0
2026-07-09,SKU009,1
2026-07-10,SKU009,0
2026-07-11,SKU009,0
2026-07-12,SKU009,0
2026-07-13,SKU009,0
2026-07-14,SKU009,1
2026-07-15,SKU009,2
2026-07-16,SKU009,0
2026-07-17,SKU009,1
2026-07-18,SKU009,2
2026-07-19,SKU009,0
2026-07-20,SKU009,0
2026-07-21,SKU009,0
2026-07-22,SKU009,0
2026-07-23,SKU009,0
2026-07-24,SKU009,2
2026-07-25,SKU009,0
2026-07-26,SKU009,0
2026-07-27,SKU009,0
2026-07-28,SKU009,0
2026-07-29,SKU009,1
2026-07-30,SKU009,0
2026-07-31,SKU009,1
2026-08-01,SKU009,0
2026-08-02,SKU009,0
2026-08-03,SKU009,1
2026-08-04,SKU009,0
2026-08-05,SKU009,3
2026-08-06,SKU009,0
2026-08-07,SKU009,1
2026-08-08,SKU009,1
2026-08-09,SKU009,0
2026-08-10,SKU009,2
2026-08-11,SKU009,0
2026-08-12,SKU009,1
2026-08-13,SKU009,2
2026-08-14,SKU009,0
2026-08-15,SKU009,0
2026-08-16,SKU009,0
2026-08-17,SKU009,0
2026-08-18,SKU009,0
2026-08-19,SKU009,0
2026-08-20,SKU009,0
2026-08-21,SKU009,2
2026-08-22,SKU009,1
2026-08-23,SKU009,0
2026-08-24,SKU009,0
2026-08-25,SKU009,2
2026-08-26,SKU009,2
2026-08-27,SKU009,1
2026-08-28,SKU009,1
2026-08-29,SKU009,0
2026-08-30,SKU009,1
2026-08-31,SKU009,1
2026-09-01,SKU009,2
2026-09-02,SKU009,1
2026-09-03,SKU009,1
2026-09-04,SKU009,1
2026-09-05,SKU009,0
2026-09-06,SKU009,1
2026-09-07,SKU009,0
2026-09-08,SKU009,0
2026-09-09,SKU009,0
2026-09-10,SKU009,1
2026-09-11,SKU009,0
2026-09-12,SKU009,1
2026-09-13,SKU009,1
2026-09-14,SKU009,2
2026-09-15,SKU009,0
2026-09-16,SKU009,0
2026-09-17,SKU009,1
2026-09-18,SKU009,0
2026-09-19,SKU009,0
2026-09-20,SKU009,2
2026-09-21,SKU009,1
2026-09-22,SKU009,0
2026-09-23,SKU009,0
2026-09-24,SKU009,1
2026-09-25,SKU009,2
2026-09-26,SKU009,1
2026-09-27,SKU009,3
2026-09-28,SKU009,0
2026-09-29,SKU009,0
2026-09-30,SKU009,0
2026-10-01,SKU009,0
2026-10-02,SKU009,0
2026-10-03,SKU009,1
2026-07-06,SKU010,0
2026-07-07,SKU010,4
2026-07-08,SKU010,2
2026-07-09,SKU010,1
2026-07-10,SKU010,1
2026-07-11,SKU010,2
2026-07-12,SKU010,2
2026-07-13,SKU010,2
2026-07-14,SKU010,1
2026-07-15,SKU010,0
2026-07-16,SKU010,2
2026-07-17,SKU010,1
2026-07-18,SKU010,3
2026-07-19,SKU010,0
2026-07-20,SKU010,3
2026-07-21,SKU010,1
2026-07-22,SKU010,0
2026-07-23,SKU010,0
2026-07-24,SKU010,2
2026-07-25,SKU010,3
2026-07-26,SKU010,3
2026-07-27,SKU010,2
2026-07-28,SKU010,0
2026-07-29,SKU010,1
2026-07-30,SKU010,2
2026-07-31,SKU010,2
2026-08-01,SKU010,1
2026-08-02,SKU010,0
2026-08-03,SKU010,3
2026-08-04,SKU010,1
2026-08-05,SKU010,1
2026-08-06,SKU010,1
2026-08-07,SKU010,2
2026-08-08,SKU010,2
2026-08-09,SKU010,3
2026-08-10,SKU010,1
2026-08-11,SKU010,0
2026-08-12,SKU010,4
2026-08-13,SKU010,2
2026-08-14,SKU010,2
2026-08-15,SKU010,5
2026-08-16,SKU010,1
2026-08-17,SKU010,2
2026-08-18,SKU010,2
2026-08-19,SKU010,1
2026-08-20,SKU010,0
2026-08-21,SKU010,2
2026-08-22,SKU010,2
2026-08-23,SKU010,1
2026-08-24,SKU010,1
2026-08-25,SKU010,0
2026-08-26,SKU010,0
2026-08-27,SKU010,1
2026-08-28,SKU010,1
2026-08-29,SKU010,2
2026-08-30,SKU010,0
2026-08-31,SKU010,2
2026-09-01,SKU010,0
2026-09-02,SKU010,2
2026-09-03,SKU010,0
2026-09-04,SKU010,4
2026-09-05,SKU010,1
2026-09-06,SKU010,1
2026-09-07,SKU010,0
2026-09-08,SKU010,1
2026-09-09,SKU010,0
2026-09-10,SKU010,2
2026-09-11,SKU010,3
2026-09-12,SKU010,2
2026-09-13,SKU010,0
2026-09-14,SKU010,0
2026-09-15,SKU010,1
2026-09-16,SKU010,0
2026-09-17,SKU010,2
2026-09-18,SKU010,1
2026-09-19,SKU010,2
2026-09-20,SKU010,5
2026-09-21,SKU010,3
2026-09-22,SKU010,1
2026-09-23,SKU010,1
2026-09-24,SKU010,3
2026-09-25,SKU010,2
2026-09-26,SKU010,1
2026-09-27,SKU010,1
2026-09-28,SKU010,2
2026-09-29,SKU010,3
2026-09-30,SKU010,2
2026-10-01,SKU010,2
2026-10-02,SKU010,0
2026-10-03,SKU010,2
2026-07-06,SKU011,1
2026-07-07,SKU011,0
2026-07-08,SKU011,0
2026-07-09,SKU011,1
2026-07-10,SKU011,1
2026-07-11,SKU011,2
2026-07-12,SKU011,2
2026-07-13,SKU011,0
2026-07-14,SKU011,1
2026-07-15,SKU011,0
2026-07-16,SKU011,0
2026-07-17,SKU011,0
2026-07-18,SKU011,0
2026-07-19,SKU011,1
2026-07-20,SKU011,0
2026-07-21,SKU011,1
2026-07-22,SKU011,1
2026-07-23,SKU011,0
2026-07-24,SKU011,0
2026-07-25,SKU011,1
2026-07-26,SKU011,1
2026-07-27,SKU011,1
2026-07-28,SKU011,0
2026-07-29,SKU011,1
2026-07-30,SKU011,0
2026-07-31,SKU011,0
2026-08-01,SKU011,2
2026-08-02,SKU011,2
2026-08-03,SKU011,4
2026-08-04,SKU011,0
2026-08-05,SKU011,1
2026-08-06,SKU011,0
2026-08-07,SKU011,1
2026-08-08,SKU011,1
2026-08-09,SKU011,0
2026-08-10,SKU011,0
2026-08-11,SKU011,1
2026-08-12,SKU011,0
2026-08-13,SKU011,0
2026-08-14,SKU011,1
2026-08-15,SKU011,1
2026-08-16,SKU011,1
2026-08-17,SKU011,1
2026-08-18,SKU011,0
2026-08-19,SKU011,1
2026-08-20,SKU011,0
2026-08-21,SKU011,0
2026-08-22,SKU011,1
2026-08-23,SKU011,2
2026-08-24,SKU011,0
2026-08-25,SKU011,0
2026-08-26,SKU011,0
2026-08-27,SKU011,0
2026-08-28,SKU011,1
2026-08-29,SKU011,1
2026-08-30,SKU011,0
2026-08-31,SKU011,0
2026-09-01,SKU011,1
2026-09-02,SKU011,0
2026-09-03,SKU011,2
2026-09-04,SKU011,1
2026-09-05,SKU011,0
2026-09-06,SKU011,1
2026-09-07,SKU011,0
2026-09-08,SKU011,1
2026-09-09,SKU011,2
2026-09-10,SKU011,3
2026-09-11,SKU011,0
2026-09-12,SKU011,1
2026-09-13,SKU011,0
2026-09-14,SKU011,1
2026-09-15,SKU011,1
2026-09-16,SKU011,0
2026-09-17,SKU011,0
2026-09-18,SKU011,0
2026-09-19,SKU011,0
2026-09-20,SKU011,0
2026-09-21,SKU011,0
2026-09-22,SKU011,0
2026-09-23,SKU011,0
2026-09-24,SKU011,0
2026-09-25,SKU011,0
2026-09-26,SKU011,0
2026-09-27,SKU011,0
2026-09-28,SKU011,0
2026-09-29,SKU011,0
2026-09-30,SKU011,3
2026-10-01,SKU011,1
2026-10-02,SKU011,4
2026-10-03,SKU011,2
2026-07-06,SKU012,1
2026-07-07,SKU012,2
2026-07-08,SKU012,0
2026-07-09,SKU012,0
2026-07-10,SKU012,1
2026-07-11,SKU012,0
2026-07-12,SKU012,1
2026-07-13,SKU012,0
2026-07-14,SKU012,0
2026-07-15,SKU012,0
2026-07-16,SKU012,0
2026-07-17,SKU012,0
2026-07-18,SKU012,0
2026-07-19,SKU012,0
2026-07-20,SKU012,1
2026-07-21,SKU012,1
2026-07-22,SKU012,0
2026-07-23,SKU012,0
2026-07-24,SKU012,0
2026-07-25,SKU012,0
2026-07-26,SKU012,0
2026-07-27,SKU012,0
2026-07-28,SKU012,0
2026-07-29,SKU012,0
2026-07-30,SKU012,0
2026-07-31,SKU012,1
2026-08-01,SKU012,3
2026-08-02,SKU012,0
2026-08-03,SKU012,0
2026-08-04,SKU012,0
2026-08-05,SKU012,1
2026-08-06,SKU012,0
2026-08-07,SKU012,1
2026-08-08,SKU012,0
2026-08-09,SKU012,1
2026-08-10,SKU012,0
2026-08-11,SKU012,1
2026-08-12,SKU012,0
2026-08-13,SKU012,0
2026-08-14,SKU012,0
2026-08-15,SKU012,0
2026-08-16,SKU012,2
2026-08-17,SKU012,0
2026-08-18,SKU012,0
2026-08-19,SKU012,0
2026-08-20,SKU012,0
2026-08-21,SKU012,0
2026-08-22,SKU012,0
2026-08-23,SKU012,1
2026-08-24,SKU012,1
2026-08-25,SKU012,1
2026-08-26,SKU012,0
2026-08-27,SKU012,2
2026-08-28,SKU012,0
2026-08-29,SKU012,0
2026-08-30,SKU012,0
2026-08-31,SKU012,0
2026-09-01,SKU012,1
2026-09-02,SKU012,0
2026-09-03,SKU012,0
2026-09-04,SKU012,0
2026-09-05,SKU012,0
2026-09-06,SKU012,0
2026-09-07,SKU012,0
2026-09-08,SKU012,0
2026-09-09,SKU012,1
2026-09-10,SKU012,1
2026-09-11,SKU012,0
2026-09-12,SKU012,0
2026-09-13,SKU012,0
2026-09-14,SKU012,0
2026-09-15,SKU012,0
2026-09-16,SKU012,0
2026-09-17,SKU012,0
2026-09-18,SKU012,0
2026-09-19,SKU012,0
2026-09-20,SKU012,0
2026-09-21,SKU012,0
2026-09-22,SKU012,0
2026-09-23,SKU012,0
2026-09-24,SKU012,0
2026-09-25,SKU012,0
2026-09-26,SKU012,0
2026-09-27,SKU012,0
2026-09-28,SKU012,1
2026-09-29,SKU012,1
2026-09-30,SKU012,0
2026-10-01,SKU012,0
2026-10-02,SKU012,0
2026-10-03,SKU012,1
2026-07-06,SKU013,2
2026-07-07,SKU013,9
2026-07-08,SKU013,4
2026-07-09,SKU013,2
2026-07-10,SKU013,1
2026-07-11,SKU013,6
2026-07-12,SKU013,2
2026-07-13,SKU013,1
2026-07-14,SKU013,0
2026-07-15,SKU013,6
2026-07-16,SKU013,5
2026-07-17,SKU013,2
2026-07-18,SKU013,3
2026-07-19,SKU013,2
2026-07-20,SKU013,1
2026-07-21,SKU013,3
2026-07-22,SKU013,5
2026-07-23,SKU013,5
2026-07-24,SKU013,1
2026-07-25,SKU013,3
2026-07-26,SKU013,3
2026-07-27,SKU013,1
2026-07-28,SKU013,3
2026-07-29,SKU013,3
2026-07-30,SKU013,1
2026-07-31,SKU013,5
2026-08-01,SKU013,4
2026-08-02,SKU013,3
2026-08-03,SKU013,4
2026-08-04,SKU013,1
2026-08-05,SKU013,3
2026-08-06,SKU013,3
2026-08-07,SKU013,1
2026-08-08,SKU013,4
2026-08-09,SKU013,7
2026-08-10,SKU013,5
2026-08-11,SKU013,2
2026-08-12,SKU013,2
2026-08-13,SKU013,2
2026-08-14,SKU013,3
2026-08-15,SKU013,3
2026-08-16,SKU013,8
2026-08-17,SKU013,3
2026-08-18,SKU013,3
2026-08-19,SKU013,5
2026-08-20,SKU013,4
2026-08-21,SKU013,4
2026-08-22,SKU013,6
2026-08-23,SKU013,5
2026-08-24,SKU013,1
2026-08-25,SKU013,3
2026-08-26,SKU013,1
2026-08-27,SKU013,4
2026-08-28,SKU013,3
2026-08-29,SKU013,6
2026-08-30,SKU013,1
2026-08-31,SKU013,3
2026-09-01,SKU013,6
2026-09-02,SKU013,1
2026-09-03,SKU013,2
2026-09-04,SKU013,2
2026-09-05,SKU013,7
2026-09-06,SKU013,4
2026-09-07,SKU013,4
2026-09-08,SKU013,3
2026-09-09,SKU013,2
2026-09-10,SKU013,3
2026-09-11,SKU013,4
2026-09-12,SKU013,1
2026-09-13,SKU013,2
2026-09-14,SKU013,5
2026-09-15,SKU013,0
2026-09-16,SKU013,3
2026-09-17,SKU013,7
2026-09-18,SKU013,1
2026-09-19,SKU013,2
2026-09-20,SKU013,0
2026-09-21,SKU013,2
2026-09-22,SKU013,5
2026-09-23,SKU013,2
2026-09-24,SKU013,5
2026-09-25,SKU013,1
2026-09-26,SKU013,2
2026-09-27,SKU013,6
2026-09-28,SKU013,7
2026-09-29,SKU013,4
2026-09-30,SKU013,2
2026-10-01,SKU013,5
2026-10-02,SKU013,3
2026-10-03,SKU013,10
2026-07-06,SKU014,2
2026-07-07,SKU014,2
2026-07-08,SKU014,0
2026-07-09,SKU014,0
2026-07-10,SKU014,1
2026-07-11,SKU014,1
2026-07-12,SKU014,3
2026-07-13,SKU014,1
2026-07-14,SKU014,1
2026-07-15,SKU014,1
2026-07-16,SKU014,1
2026-07-17,SKU014,2
2026-07-18,SKU014,1
2026-07-19,SKU014,1
2026-07-20,SKU014,1
2026-07-21,SKU014,1
2026-07-22,SKU014,1
2026-07-23,SKU014,2
2026-07-24,SKU014,3
2026-07-25,SKU014,1
2026-07-26,SKU014,2
2026-07-27,SKU014,1
2026-07-28,SKU014,2
2026-07-29,SKU014,1
2026-07-30,SKU014,0
2026-07-31,SKU014,2
2026-08-01,SKU014,1
2026-08-02,SKU014,1
2026-08-03,SKU014,2
2026-08-04,SKU014,1
2026-08-05,SKU014,1
2026-08-06,SKU014,1
2026-08-07,SKU014,2
2026-08-08,SKU014,2
2026-08-09,SKU014,1
2026-08-10,SKU014,0
2026-08-11,SKU014,0
2026-08-12,SKU014,1
2026-08-13,SKU014,2
2026-08-14,SKU014,0
2026-08-15,SKU014,1
2026-08-16,SKU014,1
2026-08-17,SKU014,1
2026-08-18,SKU014,0
2026-08-19,SKU014,1
2026-08-20,SKU014,0
2026-08-21,SKU014,2
2026-08-22,SKU014,5
2026-08-23,SKU014,2
2026-08-24,SKU014,0
2026-08-25,SKU014,0
2026-08-26,SKU014,2
2026-08-27,SKU014,2
2026-08-28,SKU014,2
2026-08-29,SKU014,1
2026-08-30,SKU014,2
2026-08-31,SKU014,0
2026-09-01,SKU014,0
2026-09-02,SKU014,0
2026-09-03,SKU014,1
2026-09-04,SKU014,0
2026-09-05,SKU014,4
2026-09-06,SKU014,1
2026-09-07,SKU014,4
2026-09-08,SKU014,0
2026-09-09,SKU014,3
2026-09-10,SKU014,0
2026-09-11,SKU014,1
2026-09-12,SKU014,0
2026-09-13,SKU014,1
2026-09-14,SKU014,0
2026-09-15,SKU014,0
2026-09-16,SKU014,0
2026-09-17,SKU014,2
2026-09-18,SKU014,0
2026-09-19,SKU014,1
2026-09-20,SKU014,1
2026-09-21,SKU014,1
2026-09-22,SKU014,1
2026-09-23,SKU014,3
2026-09-24,SKU014,0
2026-09-25,SKU014,2
2026-09-26,SKU014,1
2026-09-27,SKU014,3
2026-09-28,SKU014,0
2026-09-29,SKU014,1
2026-09-30,SKU014,1
2026-10-01,SKU014,1
2026-10-02,SKU014,0
2026-10-03,SKU014,1
2026-07-06,SKU015,1
2026-07-07,SKU015,3
2026-07-08,SKU015,4
2026-07-09,SKU015,3
2026-07-10,SKU015,1
2026-07-11,SKU015,2
2026-07-12,SKU015,2
2026-07-13,SKU015,2
2026-07-14,SKU015,1
2026-07-15,SKU015,1
2026-07-16,SKU015,2
2026-07-17,SKU015,1
2026-07-18,SKU015,3
2026-07-19,SKU015,0
2026-07-20,SKU015,2
2026-07-21,SKU015,3
2026-07-22,SKU015,3
2026-07-23,SKU015,4
2026-07-24,SKU015,4
2026-07-25,SKU015,4
2026-07-26,SKU015,3
2026-07-27,SKU015,1
2026-07-28,SKU015,2
2026-07-29,SKU015,2
2026-07-30,SKU015,4
2026-07-31,SKU015,2
2026-08-01,SKU015,4
2026-08-02,SKU015,1
2026-08-03,SKU015,3
2026-08-04,SKU015,2
2026-08-05,SKU015,5
2026-08-06,SKU015,3
2026-08-07,SKU015,0
2026-08-08,SKU015,4
2026-08-09,SKU015,3
2026-08-10,SKU015,2
2026-08-11,SKU015,2
2026-08-12,SKU015,7
2026-08-13,SKU015,1
2026-08-14,SKU015,1
2026-08-15,SKU015,1
2026-08-16,SKU015,3
2026-08-17,SKU015,3
2026-08-18,SKU015,2
2026-08-19,SKU015,2
2026-08-20,SKU015,3
2026-08-21,SKU015,2
2026-08-22,SKU015,2
2026-08-23,SKU015,6
2026-08-24,SKU015,1
2026-08-25,SKU015,3
2026-08-26,SKU015,1
2026-08-27,SKU015,3
2026-08-28,SKU015,1
2026-08-29,SKU015,3
2026-08-30,SKU015,1
2026-08-31,SKU015,2
2026-09-01,SKU015,8
2026-09-02,SKU015,2
2026-09-03,SKU015,4
2026-09-04,SKU015,2
2026-09-05,SKU015,4
2026-09-06,SKU015,3
2026-09-07,SKU015,0
2026-09-08,SKU015,7
2026-09-09,SKU015,1
2026-09-10,SKU015,1
2026-09-11,SKU015,3
2026-09-12,SKU015,8
2026-09-13,SKU015,1
2026-09-14,SKU015,1
2026-09-15,SKU015,5
2026-09-16,SKU015,2
2026-09-17,SKU015,2
2026-09-18,SKU015,4
2026-09-19,SKU015,3
2026-09-20,SKU015,3
2026-09-21,SKU015,2
2026-09-22,SKU015,4
2026-09-23,SKU015,0
2026-09-24,SKU015,3
2026-09-25,SKU015,3
2026-09-26,SKU015,3
2026-09-27,SKU015,4
2026-09-28,SKU015,2
2026-09-29,SKU015,1
2026-09-30,SKU015,0
2026-10-01,SKU015,1
2026-10-02,SKU015,3
2026-10-03,SKU015,4
2026-07-06,SKU016,0
2026-07-07,SKU016,6
2026-07-08,SKU016,2
2026-07-09,SKU016,2
2026-07-10,SKU016,1
2026-07-11,SKU016,0
2026-07-12,SKU016,0
2026-07-13,SKU016,2
2026-07-14,SKU016,1
2026-07-15,SKU016,0
2026-07-16,SKU016,3
2026-07-17,SKU016,1
2026-07-18,SKU016,1
2026-07-19,SKU016,6
2026-07-20,SKU016,0
2026-07-21,SKU016,0
2026-07-22,SKU016,0
2026-07-23,SKU016,2
2026-07-24,SKU016,1
2026-07-25,SKU016,2
2026-07-26,SKU016,1
2026-07-27,SKU016,1
2026-07-28,SKU016,2
2026-07-29,SKU016,2
2026-07-30,SKU016,2
2026-07-31,SKU016,0
2026-08-01,SKU016,1
2026-08-02,SKU016,1
2026-08-03,SKU016,2
2026-08-04,SKU016,2
2026-08-05,SKU016,2
2026-08-06,SKU016,2
2026-08-07,SKU016,4
2026-08-08,SKU016,1
2026-08-09,SKU016,1
2026-08-10,SKU016,1
2026-08-11,SKU016,0
2026-08-12,SKU016,0
2026-08-13,SKU016,1
2026-08-14,SKU016,1
2026-08-15,SKU016,1
2026-08-16,SKU016,2
2026-08-17,SKU016,4
2026-08-18,SKU016,2
2026-08-19,SKU016,1
2026-08-20,SKU016,1
2026-08-21,SKU016,1
2026-08-22,SKU016,1
2026-08-23,SKU016,2
2026-08-24,SKU016,1
2026-08-25,SKU016,2
2026-08-26,SKU016,3
2026-08-27,SKU016,1
2026-08-28,SKU016,2
2026-08-29,SKU016,2
2026-08-30,SKU016,0
2026-08-31,SKU016,0
2026-09-01,SKU016,1
2026-09-02,SKU016,4
2026-09-03,SKU016,0
2026-09-04,SKU016,1
2026-09-05,SKU016,0
2026-09-06,SKU016,1
2026-09-07,SKU016,3
2026-09-08,SKU016,3
2026-09-09,SKU016,0
2026-09-10,SKU016,2
2026-09-11,SKU016,1
2026-09-12,SKU016,3
2026-09-13,SKU016,2
2026-09-14,SKU016,0
2026-09-15,SKU016,0
2026-09-16,SKU016,3
2026-09-17,SKU016,2
2026-09-18,SKU016,0
2026-09-19,SKU016,0
2026-09-20,SKU016,2
2026-09-21,SKU016,2
2026-09-22,SKU016,1
2026-09-23,SKU016,1
2026-09-24,SKU016,1
2026-09-25,SKU016,2
2026-09-26,SKU016,0
2026-09-27,SKU016,2
2026-09-28,SKU016,1
2026-09-29,SKU016,1
2026-09-30,SKU016,0
2026-10-01,SKU016,3
2026-10-02,SKU016,3
2026-10-03,SKU016,4
2026-07-06,SKU017,3
2026-07-07,SKU017,3
2026-07-08,SKU017,4
2026-07-09,SKU017,6
2026-07-10,SKU017,3
2026-07-11,SKU017,4
2026-07-12,SKU017,6
2026-07-13,SKU017,5
2026-07-14,SKU017,3
2026-07-15,SKU017,2
2026-07-16,SKU017,3
2026-07-17,SKU017,5
2026-07-18,SKU017,3
2026-07-19,SKU017,5
2026-07-20,SKU017,3
2026-07-21,SKU017,5
2026-07-22,SKU017,6
2026-07-23,SKU017,11
2026-07-24,SKU017,3
2026-07-25,SKU017,8
2026-07-26,SKU017,1
2026-07-27,SKU017,8
2026-07-28,SKU017,8
2026-07-29,SKU017,4
2026-07-30,SKU017,1
2026-07-31,SKU017,3
2026-08-01,SKU017,6
2026-08-02,SKU017,7
2026-08-03,SKU017,6
2026-08-04,SKU017,9
2026-08-05,SKU017,7
2026-08-06,SKU017,5
2026-08-07,SKU017,5
2026-08-08,SKU017,8
2026-08-09,SKU017,1
2026-08-10,SKU017,6
2026-08-11,SKU017,3
2026-08-12,SKU017,2
2026-08-13,SKU017,5
2026-08-14,SKU017,3
2026-08-15,SKU017,10
2026-08-16,SKU017,5
2026-08-17,SKU017,5
2026-08-18,SKU017,2
2026-08-19,SKU017,5
2026-08-20,SKU017,2
2026-08-21,SKU017,2
2026-08-22,SKU017,3
2026-08-23,SKU017,6
2026-08-24,SKU017,4
2026-08-25,SKU017,5
2026-08-26,SKU017,2
2026-08-27,SKU017,3
2026-08-28,SKU017,4
2026-08-29,SKU017,5
2026-08-30,SKU017,1
2026-08-31,SKU017,5
2026-09-01,SKU017,5
2026-09-02,SKU017,14
2026-09-03,SKU017,8
2026-09-04,SKU017,6
2026-09-05,SKU017,6
2026-09-06,SKU017,4
2026-09-07,SKU017,5
2026-09-08,SKU017,3
2026-09-09,SKU017,3
2026-09-10,SKU017,9
2026-09-11,SKU017,5
2026-09-12,SKU017,6
2026-09-13,SKU017,2
2026-09-14,SKU017,6
2026-09-15,SKU017,2
2026-09-16,SKU017,1
2026-09-17,SKU017,6
2026-09-18,SKU017,2
2026-09-19,SKU017,7
2026-09-20,SKU017,7
2026-09-21,SKU017,4
2026-09-22,SKU017,2
2026-09-23,SKU017,8
2026-09-24,SKU017,3
2026-09-25,SKU017,4
2026-09-26,SKU017,3
2026-09-27,SKU017,6
2026-09-28,SKU017,3
2026-09-29,SKU017,3
2026-09-30,SKU017,2
2026-10-01,SKU017,5
2026-10-02,SKU017,6
2026-10-03,SKU017,6
2026-07-06,SKU018,4
2026-07-07,SKU018,8
2026-07-08,SKU018,3
2026-07-09,SKU018,4
2026-07-10,SKU018,4
2026-07-11,SKU018,4
2026-07-12,SKU018,1
2026-07-13,SKU018,3
2026-07-14,SKU018,1
2026-07-15,SKU018,1
2026-07-16,SKU018,3
2026-07-17,SKU018,2
2026-07-18,SKU018,4
2026-07-19,SKU018,4
2026-07-20,SKU018,1
2026-07-21,SKU018,3
2026-07-22,SKU018,2
2026-07-23,SKU018,2
2026-07-24,SKU018,2
2026-07-25,SKU018,1
2026-07-26,SKU018,3
2026-07-27,SKU018,3
2026-07-28,SKU018,1
2026-07-29,SKU018,5
2026-07-30,SKU018,2
2026-07-31,SKU018,1
2026-08-01,SKU018,4
2026-08-02,SKU018,3
2026-08-03,SKU018,1
2026-08-04,SKU018,2
2026-08-05,SKU018,2
2026-08-06,SKU018,3
2026-08-07,SKU018,2
2026-08-08,SKU018,8
2026-08-09,SKU018,3
2026-08-10,SKU018,3
2026-08-11,SKU018,3
2026-08-12,SKU018,3
2026-08-13,SKU018,4
2026-08-14,SKU018,5
2026-08-15,SKU018,5
2026-08-16,SKU018,3
2026-08-17,SKU018,3
2026-08-18,SKU018,2
2026-08-19,SKU018,3
2026-08-20,SKU018,2
2026-08-21,SKU018,5
2026-08-22,SKU018,1
2026-08-23,SKU018,3
2026-08-24,SKU018,2
2026-08-25,SKU018,5
2026-08-26,SKU018,2
2026-08-27,SKU018,7
2026-08-28,SKU018,4
2026-08-29,SKU018,6
2026-08-30,SKU018,7
2026-08-31,SKU018,1
2026-09-01,SKU018,6
2026-09-02,SKU018,3
2026-09-03,SKU018,3
2026-09-04,SKU018,4
2026-09-05,SKU018,3
2026-09-06,SKU018,5
2026-09-07,SKU018,0
2026-09-08,SKU018,6
2026-09-09,SKU018,7
2026-09-10,SKU018,4
2026-09-11,SKU018,1
2026-09-12,SKU018,3
2026-09-13,SKU018,3
2026-09-14,SKU018,2
2026-09-15,SKU018,2
2026-09-16,SKU018,4
2026-09-17,SKU018,3
2026-09-18,SKU018,2
2026-09-19,SKU018,2
2026-09-20,SKU018,3
2026-09-21,SKU018,2
2026-09-22,SKU018,4
2026-09-23,SKU018,1
2026-09-24,SKU018,2
2026-09-25,SKU018,3
2026-09-26,SKU018,6
2026-09-27,SKU018,1
2026-09-28,SKU018,3
2026-09-29,SKU018,3
2026-09-30,SKU018,0
2026-10-01,SKU018,5
2026-10-02,SKU018,8
2026-10-03,SKU018,3
2026-07-06,SKU019,2
2026-07-07,SKU019,1
2026-07-08,SKU019,0
2026-07-09,SKU019,1
2026-07-10,SKU019,1
2026-07-11,SKU019,1
2026-07-12,SKU019,2
2026-07-13,SKU019,0
2026-07-14,SKU019,0
2026-07-15,SKU019,2
2026-07-16,SKU019,1
2026-07-17,SKU019,1
2026-07-18,SKU019,3
2026-07-19,SKU019,0
2026-07-20,SKU019,0
2026-07-21,SKU019,1
2026-07-22,SKU019,2
2026-07-23,SKU019,1
2026-07-24,SKU019,1
2026-07-25,SKU019,4
2026-07-26,SKU019,2
2026-07-27,SKU019,0
2026-07-28,SKU019,0
2026-07-29,SKU019,1
2026-07-30,SKU019,3
2026-07-31,SKU019,1
2026-08-01,SKU019,2
2026-08-02,SKU019,0
2026-08-03,SKU019,0
2026-08-04,SKU019,2
2026-08-05,SKU019,0
2026-08-06,SKU019,1
2026-08-07,SKU019,4
2026-08-08,SKU019,1
2026-08-09,SKU019,0
2026-08-10,SKU019,1
2026-08-11,SKU019,3
2026-08-12,SKU019,1
2026-08-13,SKU019,0
2026-08-14,SKU019,1
2026-08-15,SKU019,2
2026-08-16,SKU019,1
2026-08-17,SKU019,0
2026-08-18,SKU019,1
2026-08-19,SKU019,0
2026-08-20,SKU019,1
2026-08-21,SKU019,1
2026-08-22,SKU019,1
2026-08-23,SKU019,1
2026-08-24,SKU019,1
2026-08-25,SKU019,0
2026-08-26,SKU019,2
2026-08-27,SKU019,0
2026-08-28,SKU019,0
2026-08-29,SKU019,2
2026-08-30,SKU019,2
2026-08-31,SKU019,0
2026-09-01,SKU019,1
2026-09-02,SKU019,1
2026-09-03,SKU019,3
2026-09-04,SKU019,0
2026-09-05,SKU019,3
2026-09-06,SKU019,1
2026-09-07,SKU019,1
2026-09-08,SKU019,1
2026-09-09,SKU019,0
2026-09-10,SKU019,2
2026-09-11,SKU019,0
2026-09-12,SKU019,1
2026-09-13,SKU019,0
2026-09-14,SKU019,1
2026-09-15,SKU019,1
2026-09-16,SKU019,0
2026-09-17,SKU019,0
2026-09-18,SKU019,0
2026-09-19,SKU019,0
2026-09-20,SKU019,1
2026-09-21,SKU019,1
2026-09-22,SKU019,1
2026-09-23,SKU019,1
2026-09-24,SKU019,0
2026-09-25,SKU019,0
2026-09-26,SKU019,0
2026-09-27,SKU019,1
2026-09-28,SKU019,1
2026-09-29,SKU019,1
2026-09-30,SKU019,1
2026-10-01,SKU019,0
2026-10-02,SKU019,4
2026-10-03,SKU019,1
2026-07-06,SKU020,1
2026-07-07,SKU020,1
2026-07-08,SKU020,0
2026-07-09,SKU020,0
2026-07-10,SKU020,1
2026-07-11,SKU020,0
2026-07-12,SKU020,0
2026-07-13,SKU020,2
2026-07-14,SKU020,1
2026-07-15,SKU020,1
2026-07-16,SKU020,1
2026-07-17,SKU020,1
2026-07-18,SKU020,3
2026-07-19,SKU020,1
2026-07-20,SKU020,1
2026-07-21,SKU020,1
2026-07-22,SKU020,0
2026-07-23,SKU020,1
2026-07-24,SKU020,2
2026-07-25,SKU020,0
2026-07-26,SKU020,0
2026-07-27,SKU020,1
2026-07-28,SKU020,2
2026-07-29,SKU020,1
2026-07-30,SKU020,1
2026-07-31,SKU020,0
2026-08-01,SKU020,1
2026-08-02,SKU020,1
2026-08-03,SKU020,1
2026-08-04,SKU020,1
2026-08-05,SKU020,0
2026-08-06,SKU020,0
2026-08-07,SKU020,1
2026-08-08,SKU020,1
2026-08-09,SKU020,0
2026-08-10,SKU020,0
2026-08-11,SKU020,3
2026-08-12,SKU020,2
2026-08-13,SKU020,1
2026-08-14,SKU020,0
2026-08-15,SKU020,1
2026-08-16,SKU020,1
2026-08-17,SKU020,2
2026-08-18,SKU020,0
2026-08-19,SKU020,0
2026-08-20,SKU020,0
2026-08-21,SKU020,2
2026-08-22,SKU020,0
2026-08-23,SKU020,1
2026-08-24,SKU020,1
2026-08-25,SKU020,0
2026-08-26,SKU020,1
2026-08-27,SKU020,1
2026-08-28,SKU020,2
2026-08-29,SKU020,0
2026-08-30,SKU020,2
2026-08-31,SKU020,0
2026-09-01,SKU020,1
2026-09-02,SKU020,2
2026-09-03,SKU020,1
2026-09-04,SKU020,0
2026-09-05,SKU020,1
2026-09-06,SKU020,1
2026-09-07,SKU020,0
2026-09-08,SKU020,1
2026-09-09,SKU020,1
2026-09-10,SKU020,3
2026-09-11,SKU020,2
2026-09-12,SKU020,3
2026-09-13,SKU020,1
2026-09-14,SKU020,0
2026-09-15,SKU020,0
2026-09-16,SKU020,1
2026-09-17,SKU020,0
2026-09-18,SKU020,0
2026-09-19,SKU020,1
2026-09-20,SKU020,4
2026-09-21,SKU020,1
2026-09-22,SKU020,0
2026-09-23,SKU020,2
2026-09-24,SKU020,1
2026-09-25,SKU020,0
2026-09-26,SKU020,0
2026-09-27,SKU020,0
2026-09-28,SKU020,1
2026-09-29,SKU020,1
2026-09-30,SKU020,3
2026-10-01,SKU020,2
2026-10-02,SKU020,0
2026-10-03,SKU020,0
2026-07-06,SKU021,0
2026-07-07,SKU021,0
2026-07-08,SKU021,0
2026-07-09,SKU021,0
2026-07-10,SKU021,0
2026-07-11,SKU021,0
2026-07-12,SKU021,0
2026-07-13,SKU021,0
2026-07-14,SKU021,0
2026-07-15,SKU021,0
2026-07-16,SKU021,0
2026-07-17,SKU021,0
2026-07-18,SKU021,0
2026-07-19,SKU021,0
2026-07-20,SKU021,0
2026-07-21,SKU021,2
2026-07-22,SKU021,0
2026-07-23,SKU021,0
2026-07-24,SKU021,0
2026-07-25,SKU021,0
2026-07-26,SKU021,0
2026-07-27,SKU021,0
2026-07-28,SKU021,0
2026-07-29,SKU021,0
2026-07-30,SKU021,0
2026-07-31,SKU021,0
2026-08-01,SKU021,0
2026-08-02,SKU021,0
2026-08-03,SKU021,0
2026-08-04,SKU021,1
2026-08-05,SKU021,0
2026-08-06,SKU021,0
2026-08-07,SKU021,0
2026-08-08,SKU021,0
2026-08-09,SKU021,0
2026-08-10,SKU021,0
2026-08-11,SKU021,0
2026-08-12,SKU021,0
2026-08-13,SKU021,0
2026-08-14,SKU021,0
2026-08-15,SKU021,0
2026-08-16,SKU021,0
2026-08-17,SKU021,0
2026-08-18,SKU021,0
2026-08-19,SKU021,0
2026-08-20,SKU021,0
2026-08-21,SKU021,0
2026-08-22,SKU021,1
2026-08-23,SKU021,0
2026-08-24,SKU021,0
2026-08-25,SKU021,1
2026-08-26,SKU021,0
2026-08-27,SKU021,0
2026-08-28,SKU021,0
2026-08-29,SKU021,0
2026-08-30,SKU021,0
2026-08-31,SKU021,0
2026-09-01,SKU021,0
2026-09-02,SKU021,0
2026-09-03,SKU021,0
2026-09-04,SKU021,0
2026-09-05,SKU021,0
2026-09-06,SKU021,0
2026-09-07,SKU021,0
2026-09-08,SKU021,0
2026-09-09,SKU021,1
2026-09-10,SKU021,0
2026-09-11,SKU021,0
2026-09-12,SKU021,0
2026-09-13,SKU021,0
2026-09-14,SKU021,0
2026-09-15,SKU021,0
2026-09-16,SKU021,0
2026-09-17,SKU021,0
2026-09-18,SKU021,0
2026-09-19,SKU021,0
2026-09-20,SKU021,0
2026-09-21,SKU021,0
2026-09-22,SKU021,0
2026-09-23,SKU021,0
2026-09-24,SKU021,0
2026-09-25,SKU021,0
2026-09-26,SKU021,0
2026-09-27,SKU021,0
2026-09-28,SKU021,0
2026-09-29,SKU021,0
2026-09-30,SKU021,0
2026-10-01,SKU021,0
2026-10-02,SKU021,0
2026-10-03,SKU021,0
2026-07-06,SKU022,1
2026-07-07,SKU022,1
2026-07-08,SKU022,0
2026-07-09,SKU022,1
2026-07-10,SKU022,0
2026-07-11,SKU022,3
2026-07-12,SKU022,0
2026-07-13,SKU022,1
2026-07-14,SKU022,0
2026-07-15,SKU022,1
2026-07-16,SKU022,0
2026-07-17,SKU022,0
2026-07-18,SKU022,1
2026-07-19,SKU022,1
2026-07-20,SKU022,0
2026-07-21,SKU022,1
2026-07-22,SKU022,0
2026-07-23,SKU022,2
2026-07-24,SKU022,1
2026-07-25,SKU022,2
2026-07-26,SKU022,2
2026-07-27,SKU022,0
2026-07-28,SKU022,1
2026-07-29,SKU022,0
2026-07-30,SKU022,1
2026-07-31,SKU022,0
2026-08-01,SKU022,0
2026-08-02,SKU022,1
2026-08-03,SKU022,0
2026-08-04,SKU022,0
2026-08-05,SKU022,0
2026-08-06,SKU022,0
2026-08-07,SKU022,1
2026-08-08,SKU022,5
2026-08-09,SKU022,1
2026-08-10,SKU022,1
2026-08-11,SKU022,0
2026-08-12,SKU022,0
2026-08-13,SKU022,1
2026-08-14,SKU022,0
2026-08-15,SKU022,0
2026-08-16,SKU022,1
2026-08-17,SKU022,1
2026-08-18,SKU022,0
2026-08-19,SKU022,0
2026-08-20,SKU022,0
2026-08-21,SKU022,2
2026-08-22,SKU022,1
2026-08-23,SKU022,1
2026-08-24,SKU022,1
2026-08-25,SKU022,1
2026-08-26,SKU022,0
2026-08-27,SKU022,0
2026-08-28,SKU022,1
2026-08-29,SKU022,1
2026-08-30,SKU022,0
2026-08-31,SKU022,1
2026-09-01,SKU022,0
2026-09-02,SKU022,0
2026-09-03,SKU022,0
2026-09-04,SKU022,0
2026-09-05,SKU022,3
2026-09-06,SKU022,2
2026-09-07,SKU022,1
2026-09-08,SKU022,0
2026-09-09,SKU022,0
2026-09-10,SKU022,0
2026-09-11,SKU022,1
2026-09-12,SKU022,0
2026-09-13,SKU022,1
2026-09-14,SKU022,0
2026-09-15,SKU022,0
2026-09-16,SKU022,1
2026-09-17,SKU022,1
2026-09-18,SKU022,2
2026-09-19,SKU022,0
2026-09-20,SKU022,2
2026-09-21,SKU022,0
2026-09-22,SKU022,0
2026-09-23,SKU022,1
2026-09-24,SKU022,0
2026-09-25,SKU022,2
2026-09-26,SKU022,0
2026-09-27,SKU022,0
2026-09-28,SKU022,0
2026-09-29,SKU022,1
2026-09-30,SKU022,0
2026-10-01,SKU022,1
2026-10-02,SKU022,1
2026-10-03,SKU022,0
2026-07-06,SKU023,2
2026-07-07,SKU023,0
2026-07-08,SKU023,2
2026-07-09,SKU023,2
2026-07-10,SKU023,1
2026-07-11,SKU023,2
2026-07-12,SKU023,1
2026-07-13,SKU023,2
2026-07-14,SKU023,3
2026-07-15,SKU023,0
2026-07-16,SKU023,0
2026-07-17,SKU023,4
2026-07-18,SKU023,1
2026-07-19,SKU023,0
2026-07-20,SKU023,1
2026-07-21,SKU023,2
2026-07-22,SKU023,3
2026-07-23,SKU023,1
2026-07-24,SKU023,0
2026-07-25,SKU023,2
2026-07-26,SKU023,0
2026-07-27,SKU023,2
2026-07-28,SKU023,3
2026-07-29,SKU023,1
2026-07-30,SKU023,1
2026-07-31,SKU023,1
2026-08-01,SKU023,1
2026-08-02,SKU023,4
2026-08-03,SKU023,3
2026-08-04,SKU023,1
2026-08-05,SKU023,1
2026-08-06,SKU023,0
2026-08-07,SKU023,1
2026-08-08,SKU023,2
2026-08-09,SKU023,0
2026-08-10,SKU023,1
2026-08-11,SKU023,0
2026-08-12,SKU023,0
2026-08-13,SKU023,1
2026-08-14,SKU023,0
2026-08-15,SKU023,2
2026-08-16,SKU023,2
2026-08-17,SKU023,1
2026-08-18,SKU023,0
2026-08-19,SKU023,3
2026-08-20,SKU023,1
2026-08-21,SKU023,1
2026-08-22,SKU023,1
2026-08-23,SKU023,1
2026-08-24,SKU023,0
2026-08-25,SKU023,2
2026-08-26,SKU023,1
2026-08-27,SKU023,0
2026-08-28,SKU023,1
2026-08-29,SKU023,1
2026-08-30,SKU023,2
2026-08-31,SKU023,0
2026-09-01,SKU023,2
2026-09-02,SKU023,2
2026-09-03,SKU023,1
2026-09-04,SKU023,1
2026-09-05,SKU023,1
2026-09-06,SKU023,2
2026-09-07,SKU023,5
2026-09-08,SKU023,1
2026-09-09,SKU023,1
2026-09-10,SKU023,0
2026-09-11,SKU023,1
2026-09-12,SKU023,2
2026-09-13,SKU023,1
2026-09-14,SKU023,2
2026-09-15,SKU023,0
2026-09-16,SKU023,1
2026-09-17,SKU023,0
2026-09-18,SKU023,1
2026-09-19,SKU023,1
2026-09-20,SKU023,1
2026-09-21,SKU023,1
2026-09-22,SKU023,0
2026-09-23,SKU023,1
2026-09-24,SKU023,2
2026-09-25,SKU023,0
2026-09-26,SKU023,0
2026-09-27,SKU023,0
2026-09-28,SKU023,1
2026-09-29,SKU023,2
2026-09-30,SKU023,1
2026-10-01,SKU023,1
2026-10-02,SKU023,1
2026-10-03,SKU023,2
2026-07-06,SKU024,1
2026-07-07,SKU024,2
2026-07-08,SKU024,2
2026-07-09,SKU024,3
2026-07-10,SKU024,2
2026-07-11,SKU024,2
2026-07-12,SKU024,6
2026-07-13,SKU024,1
2026-07-14,SKU024,3
2026-07-15,SKU024,1
2026-07-16,SKU024,1
2026-07-17,SKU024,3
2026-07-18,SKU024,3
2026-07-19,SKU024,2
2026-07-20,SKU024,2
2026-07-21,SKU024,0
2026-07-22,SKU024,1
2026-07-23,SKU024,3
2026-07-24,SKU024,1
2026-07-25,SKU024,2
2026-07-26,SKU024,0
2026-07-27,SKU024,2
2026-07-28,SKU024,3
2026-07-29,SKU024,4
2026-07-30,SKU024,1
2026-07-31,SKU024,1
2026-08-01,SKU024,0
2026-08-02,SKU024,0
2026-08-03,SKU024,2
2026-08-04,SKU024,3
2026-08-05,SKU024,3
2026-08-06,SKU024,1
2026-08-07,SKU024,3
2026-08-08,SKU024,0
2026-08-09,SKU024,1
2026-08-10,SKU024,1
2026-08-11,SKU024,3
2026-08-12,SKU024,0
2026-08-13,SKU024,1
2026-08-14,SKU024,1
2026-08-15,SKU024,5
2026-08-16,SKU024,4
2026-08-17,SKU024,2
2026-08-18,SKU024,1
2026-08-19,SKU024,1
2026-08-20,SKU024,0
2026-08-21,SKU024,0
2026-08-22,SKU024,1
2026-08-23,SKU024,0
2026-08-24,SKU024,1
2026-08-25,SKU024,3
2026-08-26,SKU024,1
2026-08-27,SKU024,1
2026-08-28,SKU024,0
2026-08-29,SKU024,1
2026-08-30,SKU024,0
2026-08-31,SKU024,2
2026-09-01,SKU024,0
2026-09-02,SKU024,1
2026-09-03,SKU024,3
2026-09-04,SKU024,2
2026-09-05,SKU024,1
2026-09-06,SKU024,2
2026-09-07,SKU024,1
2026-09-08,SKU024,2
2026-09-09,SKU024,1
2026-09-10,SKU024,2
2026-09-11,SKU024,2
2026-09-12,SKU024,3
2026-09-13,SKU024,2
2026-09-14,SKU024,0
2026-09-15,SKU024,2
2026-09-16,SKU024,3
2026-09-17,SKU024,6
2026-09-18,SKU024,1
2026-09-19,SKU024,4
2026-09-20,SKU024,1
2026-09-21,SKU024,2
2026-09-22,SKU024,2
2026-09-23,SKU024,5
2026-09-24,SKU024,1
2026-09-25,SKU024,3
2026-09-26,SKU024,0
2026-09-27,SKU024,3
2026-09-28,SKU024,1
2026-09-29,SKU024,1
2026-09-30,SKU024,2
2026-10-01,SKU024,0
2026-10-02,SKU024,2
2026-10-03,SKU024,1
2026-07-06,SKU025,1
2026-07-07,SKU025,1
2026-07-08,SKU025,3
2026-07-09,SKU025,3
2026-07-10,SKU025,3
2026-07-11,SKU025,2
2026-07-12,SKU025,0
2026-07-13,SKU025,3
2026-07-14,SKU025,3
2026-07-15,SKU025,7
2026-07-16,SKU025,3
2026-07-17,SKU025,1
2026-07-18,SKU025,5
2026-07-19,SKU025,2
2026-07-20,SKU025,3
2026-07-21,SKU025,2
2026-07-22,SKU025,2
2026-07-23,SKU025,1
2026-07-24,SKU025,1
2026-07-25,SKU025,2
2026-07-26,SKU025,4
2026-07-27,SKU025,1
2026-07-28,SKU025,2
2026-07-29,SKU025,2
2026-07-30,SKU025,1
2026-07-31,SKU025,2
2026-08-01,SKU025,2
2026-08-02,SKU025,2
2026-08-03,SKU025,2
2026-08-04,SKU025,2
2026-08-05,SKU025,3
2026-08-06,SKU025,6
2026-08-07,SKU025,3
2026-08-08,SKU025,1
2026-08-09,SKU025,2
2026-08-10,SKU025,0
2026-08-11,SKU025,4
2026-08-12,SKU025,3
2026-08-13,SKU025,0
2026-08-14,SKU025,2
2026-08-15,SKU025,3
2026-08-16,SKU025,1
2026-08-17,SKU025,1
2026-08-18,SKU025,0
2026-08-19,SKU025,1
2026-08-20,SKU025,2
2026-08-21,SKU025,1
2026-08-22,SKU025,1
2026-08-23,SKU025,3
2026-08-24,SKU025,1
2026-08-25,SKU025,2
2026-08-26,SKU025,0
2026-08-27,SKU025,1
2026-08-28,SKU025,3
2026-08-29,SKU025,3
2026-08-30,SKU025,1
2026-08-31,SKU025,3
2026-09-01,SKU025,0
2026-09-02,SKU025,1
2026-09-03,SKU025,1
2026-09-04,SKU025,3
2026-09-05,SKU025,3
2026-09-06,SKU025,3
2026-09-07,SKU025,2
2026-09-08,SKU025,1
2026-09-09,SKU025,1
2026-09-10,SKU025,2
2026-09-11,SKU025,2
2026-09-12,SKU025,5
2026-09-13,SKU025,4
2026-09-14,SKU025,0
2026-09-15,SKU025,4
2026-09-16,SKU025,3
2026-09-17,SKU025,1
2026-09-18,SKU025,0
2026-09-19,SKU025,1
2026-09-20,SKU025,3
2026-09-21,SKU025,1
2026-09-22,SKU025,2
2026-09-23,SKU025,2
2026-09-24,SKU025,1
2026-09-25,SKU025,2
2026-09-26,SKU025,0
2026-09-27,SKU025,3
2026-09-28,SKU025,5
2026-09-29,SKU025,4
2026-09-30,SKU025,2
2026-10-01,SKU025,3
2026-10-02,SKU025,4
2026-10-03,SKU025,2
2026-07-06,SKU026,4
2026-07-07,SKU026,3
2026-07-08,SKU026,3
2026-07-09,SKU026,1
2026-07-10,SKU026,2
2026-07-11,SKU026,3
2026-07-12,SKU026,0
2026-07-13,SKU026,3
2026-07-14,SKU026,2
2026-07-15,SKU026,1
2026-07-16,SKU026,1
2026-07-17,SKU026,2
2026-07-18,SKU026,4
2026-07-19,SKU026,3
2026-07-20,SKU026,1
2026-07-21,SKU026,3
2026-07-22,SKU026,1
2026-07-23,SKU026,2
2026-07-24,SKU026,2
2026-07-25,SKU026,2
2026-07-26,SKU026,5
2026-07-27,SKU026,3
2026-07-28,SKU026,2
2026-07-29,SKU026,3
2026-07-30,SKU026,1
2026-07-31,SKU026,1
2026-08-01,SKU026,1
2026-08-02,SKU026,3
2026-08-03,SKU026,4
2026-08-04,SKU026,2
2026-08-05,SKU026,2
2026-08-06,SKU026,5
2026-08-07,SKU026,5
2026-08-08,SKU026,3
2026-08-09,SKU026,2
2026-08-10,SKU026,0
2026-08-11,SKU026,6
2026-08-12,SKU026,4
2026-08-13,SKU026,5
2026-08-14,SKU026,4
2026-08-15,SKU026,4
2026-08-16,SKU026,3
2026-08-17,SKU026,1
2026-08-18,SKU026,2
2026-08-19,SKU026,0
2026-08-20,SKU026,5
2026-08-21,SKU026,5
2026-08-22,SKU026,2
2026-08-23,SKU026,3
2026-08-24,SKU026,4
2026-08-25,SKU026,7
2026-08-26,SKU026,1
2026-08-27,SKU026,4
2026-08-28,SKU026,3
2026-08-29,SKU026,4
2026-08-30,SKU026,2
2026-08-31,SKU026,4
2026-09-01,SKU026,1
2026-09-02,SKU026,4
2026-09-03,SKU026,1
2026-09-04,SKU026,3
2026-09-05,SKU026,4
2026-09-06,SKU026,3
2026-09-07,SKU026,1
2026-09-08,SKU026,1
2026-09-09,SKU026,4
2026-09-10,SKU026,0
2026-09-11,SKU026,3
2026-09-12,SKU026,1
2026-09-13,SKU026,4
2026-09-14,SKU026,1
2026-09-15,SKU026,3
2026-09-16,SKU026,2
2026-09-17,SKU026,2
2026-09-18,SKU026,1
2026-09-19,SKU026,2
2026-09-20,SKU026,2
2026-09-21,SKU026,1
2026-09-22,SKU026,3
2026-09-23,SKU026,1
2026-09-24,SKU026,1
2026-09-25,SKU026,4
2026-09-26,SKU026,3
2026-09-27,SKU026,0
2026-09-28,SKU026,1
2026-09-29,SKU026,1
2026-09-30,SKU026,4
2026-10-01,SKU026,2
2026-10-02,SKU026,2
2026-10-03,SKU026,6
2026-07-06,SKU027,1
2026-07-07,SKU027,1
2026-07-08,SKU027,3
2026-07-09,SKU027,1
2026-07-10,SKU027,0
2026-07-11,SKU027,0
2026-07-12,SKU027,0
2026-07-13,SKU027,1
2026-07-14,SKU027,1
2026-07-15,SKU027,2
2026-07-16,SKU027,0
2026-07-17,SKU027,1
2026-07-18,SKU027,0
2026-07-19,SKU027,0
2026-07-20,SKU027,1
2026-07-21,SKU027,1
2026-07-22,SKU027,1
2026-07-23,SKU027,0
2026-07-24,SKU027,1
2026-07-25,SKU027,1
2026-07-26,SKU027,1
2026-07-27,SKU027,0
2026-07-28,SKU027,0
2026-07-29,SKU027,1
2026-07-30,SKU027,1
2026-07-31,SKU027,1
2026-08-01,SKU027,2
2026-08-02,SKU027,0
2026-08-03,SKU027,3
2026-08-04,SKU027,1
2026-08-05,SKU027,0
2026-08-06,SKU027,2
2026-08-07,SKU027,1
2026-08-08,SKU027,1
2026-08-09,SKU027,0
2026-08-10,SKU027,1
2026-08-11,SKU027,1
2026-08-12,SKU027,3
2026-08-13,SKU027,1
2026-08-14,SKU027,3
2026-08-15,SKU027,0
2026-08-16,SKU027,1
2026-08-17,SKU027,0
2026-08-18,SKU027,1
2026-08-19,SKU027,4
2026-08-20,SKU027,0
2026-08-21,SKU027,1
2026-08-22,SKU027,0
2026-08-23,SKU027,0
2026-08-24,SKU027,5
2026-08-25,SKU027,3
2026-08-26,SKU027,0
2026-08-27,SKU027,1
2026-08-28,SKU027,1
2026-08-29,SKU027,0
2026-08-30,SKU027,0
2026-08-31,SKU027,3
2026-09-01,SKU027,0
2026-09-02,SKU027,1
2026-09-03,SKU027,0
2026-09-04,SKU027,3
2026-09-05,SKU027,1
2026-09-06,SKU027,1
2026-09-07,SKU027,1
2026-09-08,SKU027,1
2026-09-09,SKU027,0
2026-09-10,SKU027,0
2026-09-11,SKU027,0
2026-09-12,SKU027,3
2026-09-13,SKU027,1
2026-09-14,SKU027,1
2026-09-15,SKU027,2
2026-09-16,SKU027,0
2026-09-17,SKU027,0
2026-09-18,SKU027,1
2026-09-19,SKU027,0
2026-09-20,SKU027,0
2026-09-21,SKU027,2
2026-09-22,SKU027,0
2026-09-23,SKU027,0
2026-09-24,SKU027,1
2026-09-25,SKU027,0
2026-09-26,SKU027,1
2026-09-27,SKU027,0
2026-09-28,SKU027,2
2026-09-29,SKU027,0
2026-09-30,SKU027,1
2026-10-01,SKU027,0
2026-10-02,SKU027,3
2026-10-03,SKU027,0
2026-07-06,SKU028,1
2026-07-07,SKU028,0
2026-07-08,SKU028,1
2026-07-09,SKU028,2
2026-07-10,SKU028,2
2026-07-11,SKU028,0
2026-07-12,SKU028,1
2026-07-13,SKU028,0
2026-07-14,SKU028,0
2026-07-15,SKU028,1
2026-07-16,SKU028,1
2026-07-17,SKU028,0
2026-07-18,SKU028,1
2026-07-19,SKU028,0
2026-07-20,SKU028,0
2026-07-21,SKU028,1
2026-07-22,SKU028,0
2026-07-23,SKU028,0
2026-07-24,SKU028,0
2026-07-25,SKU028,0
2026-07-26,SKU028,1
2026-07-27,SKU028,0
2026-07-28,SKU028,2
2026-07-29,SKU028,0
2026-07-30,SKU028,0
2026-07-31,SKU028,1
2026-08-01,SKU028,0
2026-08-02,SKU028,1
2026-08-03,SKU028,0
2026-08-04,SKU028,0
2026-08-05,SKU028,1
2026-08-06,SKU028,2
2026-08-07,SKU028,3
2026-08-08,SKU028,0
2026-08-09,SKU028,0
2026-08-10,SKU028,0
2026-08-11,SKU028,0
2026-08-12,SKU028,1
2026-08-13,SKU028,0
2026-08-14,SKU028,2
2026-08-15,SKU028,0
2026-08-16,SKU028,2
2026-08-17,SKU028,1
2026-08-18,SKU028,0
2026-08-19,SKU028,2
2026-08-20,SKU028,0
2026-08-21,SKU028,0
2026-08-22,SKU028,2
2026-08-23,SKU028,0
2026-08-24,SKU028,0
2026-08-25,SKU028,0
2026-08-26,SKU028,0
2026-08-27,SKU028,1
2026-08-28,SKU028,1
2026-08-29,SKU028,2
2026-08-30,SKU028,2
2026-08-31,SKU028,0
2026-09-01,SKU028,0
2026-09-02,SKU028,1
2026-09-03,SKU028,1
2026-09-04,SKU028,0
2026-09-05,SKU028,2
2026-09-06,SKU028,1
2026-09-07,SKU028,0
2026-09-08,SKU028,0
2026-09-09,SKU028,1
2026-09-10,SKU028,0
2026-09-11,SKU028,0
2026-09-12,SKU028,1
2026-09-13,SKU028,1
2026-09-14,SKU028,1
2026-09-15,SKU028,0
2026-09-16,SKU028,1
2026-09-17,SKU028,0
2026-09-18,SKU028,0
2026-09-19,SKU028,1
2026-09-20,SKU028,1
2026-09-21,SKU028,1
2026-09-22,SKU028,1
2026-09-23,SKU028,1
2026-09-24,SKU028,1
2026-09-25,SKU028,1
2026-09-26,SKU028,0
2026-09-27,SKU028,0
2026-09-28,SKU028,0
2026-09-29,SKU028,2
2026-09-30,SKU028,1
2026-10-01,SKU028,0
2026-10-02,SKU028,1
2026-10-03,SKU028,0
2026-07-06,SKU029,2
2026-07-07,SKU029,0
2026-07-08,SKU029,1
2026-07-09,SKU029,0
2026-07-10,SKU029,0
2026-07-11,SKU029,2
2026-07-12,SKU029,0
2026-07-13,SKU029,0
2026-07-14,SKU029,0
2026-07-15,SKU029,1
2026-07-16,SKU029,0
2026-07-17,SKU029,1
2026-07-18,SKU029,1
2026-07-19,SKU029,1
2026-07-20,SKU029,0
2026-07-21,SKU029,0
2026-07-22,SKU029,0
2026-07-23,SKU029,0
2026-07-24,SKU029,0
2026-07-25,SKU029,0
2026-07-26,SKU029,1
2026-07-27,SKU029,0
2026-07-28,SKU029,1
2026-07-29,SKU029,1
2026-07-30,SKU029,0
2026-07-31,SKU029,0
2026-08-01,SKU029,1
2026-08-02,SKU029,0
2026-08-03,SKU029,1
2026-08-04,SKU029,2
2026-08-05,SKU029,2
2026-08-06,SKU029,2
2026-08-07,SKU029,0
2026-08-08,SKU029,1
2026-08-09,SKU029,0
2026-08-10,SKU029,0
2026-08-11,SKU029,0
2026-08-12,SKU029,1
2026-08-13,SKU029,1
2026-08-14,SKU029,0
2026-08-15,SKU029,1
2026-08-16,SKU029,2
2026-08-17,SKU029,1
2026-08-18,SKU029,0
2026-08-19,SKU029,1
2026-08-20,SKU029,0
2026-08-21,SKU029,0
2026-08-22,SKU029,0
2026-08-23,SKU029,1
2026-08-24,SKU029,0
2026-08-25,SKU029,0
2026-08-26,SKU029,1
2026-08-27,SKU029,0
2026-08-28,SKU029,0
2026-08-29,SKU029,0
2026-08-30,SKU029,1
2026-08-31,SKU029,0
2026-09-01,SKU029,1
2026-09-02,SKU029,0
2026-09-03,SKU029,0
2026-09-04,SKU029,0
2026-09-05,SKU029,3
2026-09-06,SKU029,0
2026-09-07,SKU029,0
2026-09-08,SKU029,0
2026-09-09,SKU029,2
2026-09-10,SKU029,1
2026-09-11,SKU029,2
2026-09-12,SKU029,0
2026-09-13,SKU029,0
2026-09-14,SKU029,0
2026-09-15,SKU029,1
2026-09-16,SKU029,0
2026-09-17,SKU029,0
2026-09-18,SKU029,0
2026-09-19,SKU029,0
2026-09-20,SKU029,0
2026-09-21,SKU029,1
2026-09-22,SKU029,0
2026-09-23,SKU029,0
2026-09-24,SKU029,0
2026-09-25,SKU029,1
2026-09-26,SKU029,0
2026-09-27,SKU029,2
2026-09-28,SKU029,0
2026-09-29,SKU029,0
2026-09-30,SKU029,1
2026-10-01,SKU029,0
2026-10-02,SKU029,1
2026-10-03,SKU029,1
2026-07-06,SKU030,0
2026-07-07,SKU030,1
2026-07-08,SKU030,0
2026-07-09,SKU030,1
2026-07-10,SKU030,0
2026-07-11,SKU030,1
2026-07-12,SKU030,0
2026-07-13,SKU030,1
2026-07-14,SKU030,1
2026-07-15,SKU030,1
2026-07-16,SKU030,0
2026-07-17,SKU030,0
2026-07-18,SKU030,0
2026-07-19,SKU030,1
2026-07-20,SKU030,2
2026-07-21,SKU030,1
2026-07-22,SKU030,0
2026-07-23,SKU030,1
2026-07-24,SKU030,2
2026-07-25,SKU030,1
2026-07-26,SKU030,2
2026-07-27,SKU030,1
2026-07-28,SKU030,1
2026-07-29,SKU030,0
2026-07-30,SKU030,0
2026-07-31,SKU030,0
2026-08-01,SKU030,1
2026-08-02,SKU030,1
2026-08-03,SKU030,0
2026-08-04,SKU030,2
2026-08-05,SKU030,1
2026-08-06,SKU030,2
2026-08-07,SKU030,3
2026-08-08,SKU030,0
2026-08-09,SKU030,1
2026-08-10,SKU030,2
2026-08-11,SKU030,0
2026-08-12,SKU030,0
2026-08-13,SKU030,0
2026-08-14,SKU030,2
2026-08-15,SKU030,1
2026-08-16,SKU030,1
2026-08-17,SKU030,2
2026-08-18,SKU030,1
2026-08-19,SKU030,0
2026-08-20,SKU030,3
2026-08-21,SKU030,2
2026-08-22,SKU030,0
2026-08-23,SKU030,0
2026-08-24,SKU030,1
2026-08-25,SKU030,0
2026-08-26,SKU030,0
2026-08-27,SKU030,1
2026-08-28,SKU030,4
2026-08-29,SKU030,1
2026-08-30,SKU030,1
2026-08-31,SKU030,2
2026-09-01,SKU030,1
2026-09-02,SKU030,0
2026-09-03,SKU030,1
2026-09-04,SKU030,2
2026-09-05,SKU030,3
2026-09-06,SKU030,1
2026-09-07,SKU030,1
2026-09-08,SKU030,1
2026-09-09,SKU030,0
2026-09-10,SKU030,1
2026-09-11,SKU030,0
2026-09-12,SKU030,2
2026-09-13,SKU030,0
2026-09-14,SKU030,1
2026-09-15,SKU030,0
2026-09-16,SKU030,0
2026-09-17,SKU030,0
2026-09-18,SKU030,1
2026-09-19,SKU030,0
2026-09-20,SKU030,1
2026-09-21,SKU030,0
2026-09-22,SKU030,2
2026-09-23,SKU030,0
2026-09-24,SKU030,0
2026-09-25,SKU030,0
2026-09-26,SKU030,1
2026-09-27,SKU030,2
2026-09-28,SKU030,1
2026-09-29,SKU030,0
2026-09-30,SKU030,1
2026-10-01,SKU030,1
2026-10-02,SKU030,0
2026-10-03,SKU030,1
2026-07-06,SKU031,1
2026-07-07,SKU031,0
2026-07-08,SKU031,2
2026-07-09,SKU031,1
2026-07-10,SKU031,1
2026-07-11,SKU031,0
2026-07-12,SKU031,3
2026-07-13,SKU031,3
2026-07-14,SKU031,2
2026-07-15,SKU031,2
2026-07-16,SKU031,6
2026-07-17,SKU031,1
2026-07-18,SKU031,0
2026-07-19,SKU031,3
2026-07-20,SKU031,2
2026-07-21,SKU031,2
2026-07-22,SKU031,1
2026-07-23,SKU031,1
2026-07-24,SKU031,0
2026-07-25,SKU031,1
2026-07-26,SKU031,1
2026-07-27,SKU031,1
2026-07-28,SKU031,0
2026-07-29,SKU031,0
2026-07-30,SKU031,1
2026-07-31,SKU031,1
2026-08-01,SKU031,1
2026-08-02,SKU031,2
2026-08-03,SKU031,2
2026-08-04,SKU031,0
2026-08-05,SKU031,1
2026-08-06,SKU031,3
2026-08-07,SKU031,2
2026-08-08,SKU031,3
2026-08-09,SKU031,0
2026-08-10,SKU031,2
2026-08-11,SKU031,0
2026-08-12,SKU031,1
2026-08-13,SKU031,1
2026-08-14,SKU031,0
2026-08-15,SKU031,0
2026-08-16,SKU031,0
2026-08-17,SKU031,2
2026-08-18,SKU031,3
2026-08-19,SKU031,1
2026-08-20,SKU031,3
2026-08-21,SKU031,1
2026-08-22,SKU031,2
2026-08-23,SKU031,2
2026-08-24,SKU031,2
2026-08-25,SKU031,1
2026-08-26,SKU031,1
2026-08-27,SKU031,2
2026-08-28,SKU031,3
2026-08-29,SKU031,2
2026-08-30,SKU031,4
2026-08-31,SKU031,0
2026-09-01,SKU031,3
2026-09-02,SKU031,1
2026-09-03,SKU031,2
2026-09-04,SKU031,2
2026-09-05,SKU031,2
2026-09-06,SKU031,2
2026-09-07,SKU031,0
2026-09-08,SKU031,2
2026-09-09,SKU031,4
2026-09-10,SKU031,1
2026-09-11,SKU031,1
2026-09-12,SKU031,0
2026-09-13,SKU031,1
2026-09-14,SKU031,0
2026-09-15,SKU031,1
2026-09-16,SKU031,3
2026-09-17,SKU031,1
2026-09-18,SKU031,1
2026-09-19,SKU031,2
2026-09-20,SKU031,2
2026-09-21,SKU031,0
2026-09-22,SKU031,0
2026-09-23,SKU031,0
2026-09-24,SKU031,2
2026-09-25,SKU031,1
2026-09-26,SKU031,3
2026-09-27,SKU031,0
2026-09-28,SKU031,3
2026-09-29,SKU031,0
2026-09-30,SKU031,3
2026-10-01,SKU031,4
2026-10-02,SKU031,2
2026-10-03,SKU031,3
2026-07-06,SKU032,1
2026-07-07,SKU032,1
2026-07-08,SKU032,1
2026-07-09,SKU032,0
2026-07-10,SKU032,1
2026-07-11,SKU032,2
2026-07-12,SKU032,2
2026-07-13,SKU032,2
2026-07-14,SKU032,2
2026-07-15,SKU032,1
2026-07-16,SKU032,1
2026-07-17,SKU032,1
2026-07-18,SKU032,4
2026-07-19,SKU032,1
2026-07-20,SKU032,0
2026-07-21,SKU032,1
2026-07-22,SKU032,1
2026-07-23,SKU032,1
2026-07-24,SKU032,0
2026-07-25,SKU032,4
2026-07-26,SKU032,2
2026-07-27,SKU032,3
2026-07-28,SKU032,1
2026-07-29,SKU032,2
2026-07-30,SKU032,0
2026-07-31,SKU032,5
2026-08-01,SKU032,1
2026-08-02,SKU032,0
2026-08-03,SKU032,0
2026-08-04,SKU032,1
2026-08-05,SKU032,3
2026-08-06,SKU032,1
2026-08-07,SKU032,1
2026-08-08,SKU032,1
2026-08-09,SKU032,0
2026-08-10,SKU032,0
2026-08-11,SKU032,1
2026-08-12,SKU032,0
2026-08-13,SKU032,1
2026-08-14,SKU032,1
2026-08-15,SKU032,2
2026-08-16,SKU032,1
2026-08-17,SKU032,1
2026-08-18,SKU032,1
2026-08-19,SKU032,0
2026-08-20,SKU032,1
2026-08-21,SKU032,0
2026-08-22,SKU032,2
2026-08-23,SKU032,3
2026-08-24,SKU032,2
2026-08-25,SKU032,0
2026-08-26,SKU032,0
2026-08-27,SKU032,0
2026-08-28,SKU032,0
2026-08-29,SKU032,0
2026-08-30,SKU032,1
2026-08-31,SKU032,2
2026-09-01,SKU032,2
2026-09-02,SKU032,3
2026-09-03,SKU032,2
2026-09-04,SKU032,3
2026-09-05,SKU032,2
2026-09-06,SKU032,1
2026-09-07,SKU032,2
2026-09-08,SKU032,1
2026-09-09,SKU032,0
2026-09-10,SKU032,0
2026-09-11,SKU032,1
2026-09-12,SKU032,1
2026-09-13,SKU032,3
2026-09-14,SKU032,3
2026-09-15,SKU032,0
2026-09-16,SKU032,2
2026-09-17,SKU032,1
2026-09-18,SKU032,3
2026-09-19,SKU032,3
2026-09-20,SKU032,2
2026-09-21,SKU032,0
2026-09-22,SKU032,1
2026-09-23,SKU032,1
2026-09-24,SKU032,0
2026-09-25,SKU032,1
2026-09-26,SKU032,0
2026-09-27,SKU032,2
2026-09-28,SKU032,2
2026-09-29,SKU032,1
2026-09-30,SKU032,2
2026-10-01,SKU032,1
2026-10-02,SKU032,4
2026-10-03,SKU032,2
2026-07-06,SKU033,1
2026-07-07,SKU033,0
2026-07-08,SKU033,0
2026-07-09,SKU033,0
2026-07-10,SKU033,0
2026-07-11,SKU033,1
2026-07-12,SKU033,3
2026-07-13,SKU033,2
2026-07-14,SKU033,1
2026-07-15,SKU033,0
2026-07-16,SKU033,1
2026-07-17,SKU033,1
2026-07-18,SKU033,0
2026-07-19,SKU033,1
2026-07-20,SKU033,1
2026-07-21,SKU033,1
2026-07-22,SKU033,1
2026-07-23,SKU033,0
2026-07-24,SKU033,0
2026-07-25,SKU033,3
2026-07-26,SKU033,1
2026-07-27,SKU033,0
2026-07-28,SKU033,1
2026-07-29,SKU033,2
2026-07-30,SKU033,0
2026-07-31,SKU033,0
2026-08-01,SKU033,0
2026-08-02,SKU033,0
2026-08-03,SKU033,1
2026-08-04,SKU033,3
2026-08-05,SKU033,0
2026-08-06,SKU033,0
2026-08-07,SKU033,0
2026-08-08,SKU033,2
2026-08-09,SKU033,0
2026-08-10,SKU033,0
2026-08-11,SKU033,0
2026-08-12,SKU033,1
2026-08-13,SKU033,0
2026-08-14,SKU033,0
2026-08-15,SKU033,0
2026-08-16,SKU033,0
2026-08-17,SKU033,1
2026-08-18,SKU033,1
2026-08-19,SKU033,0
2026-08-20,SKU033,0
2026-08-21,SKU033,0
2026-08-22,SKU033,0
2026-08-23,SKU033,0
2026-08-24,SKU033,3
2026-08-25,SKU033,1
2026-08-26,SKU033,0
2026-08-27,SKU033,0
2026-08-28,SKU033,0
2026-08-29,SKU033,1
2026-08-30,SKU033,0
2026-08-31,SKU033,1
2026-09-01,SKU033,4
2026-09-02,SKU033,1
2026-09-03,SKU033,1
2026-09-04,SKU033,0
2026-09-05,SKU033,0
2026-09-06,SKU033,1
2026-09-07,SKU033,2
2026-09-08,SKU033,0
2026-09-09,SKU033,0
2026-09-10,SKU033,0
2026-09-11,SKU033,0
2026-09-12,SKU033,0
2026-09-13,SKU033,0
2026-09-14,SKU033,0
2026-09-15,SKU033,1
2026-09-16,SKU033,0
2026-09-17,SKU033,0
2026-09-18,SKU033,1
2026-09-19,SKU033,0
2026-09-20,SKU033,0
2026-09-21,SKU033,2
2026-09-22,SKU033,0
2026-09-23,SKU033,2
2026-09-24,SKU033,1
2026-09-25,SKU033,1
2026-09-26,SKU033,0
2026-09-27,SKU033,2
2026-09-28,SKU033,1
2026-09-29,SKU033,0
2026-09-30,SKU033,1
2026-10-01,SKU033,0
2026-10-02,SKU033,1
2026-10-03,SKU033,1
2026-07-06,SKU034,1
2026-07-07,SKU034,0
2026-07-08,SKU034,1
2026-07-09,SKU034,0
2026-07-10,SKU034,1
2026-07-11,SKU034,0
2026-07-12,SKU034,2
2026-07-13,SKU034,1
2026-07-14,SKU034,0
2026-07-15,SKU034,0
2026-07-16,SKU034,2
2026-07-17,SKU034,1
2026-07-18,SKU034,2
2026-07-19,SKU034,0
2026-07-20,SKU034,0
2026-07-21,SKU034,0
2026-07-22,SKU034,0
2026-07-23,SKU034,2
2026-07-24,SKU034,1
2026-07-25,SKU034,0
2026-07-26,SKU034,0
2026-07-27,SKU034,0
2026-07-28,SKU034,0
2026-07-29,SKU034,1
2026-07-30,SKU034,0
2026-07-31,SKU034,0
2026-08-01,SKU034,0
2026-08-02,SKU034,2
2026-08-03,SKU034,0
2026-08-04,SKU034,0
2026-08-05,SKU034,1
2026-08-06,SKU034,0
2026-08-07,SKU034,0
2026-08-08,SKU034,0
2026-08-09,SKU034,0
2026-08-10,SKU034,0
2026-08-11,SKU034,1
2026-08-12,SKU034,0
2026-08-13,SKU034,0
2026-08-14,SKU034,0
2026-08-15,SKU034,2
2026-08-16,SKU034,2
2026-08-17,SKU034,0
2026-08-18,SKU034,0
2026-08-19,SKU034,0
2026-08-20,SKU034,1
2026-08-21,SKU034,0
2026-08-22,SKU034,1
2026-08-23,SKU034,0
2026-08-24,SKU034,1
2026-08-25,SKU034,1
2026-08-26,SKU034,0
2026-08-27,SKU034,1
2026-08-28,SKU034,1
2026-08-29,SKU034,0
2026-08-30,SKU034,0
2026-08-31,SKU034,0
2026-09-01,SKU034,0
2026-09-02,SKU034,0
2026-09-03,SKU034,0
2026-09-04,SKU034,1
2026-09-05,SKU034,0
2026-09-06,SKU034,0
2026-09-07,SKU034,0
2026-09-08,SKU034,1
2026-09-09,SKU034,0
2026-09-10,SKU034,0
2026-09-11,SKU034,0
2026-09-12,SKU034,1
2026-09-13,SKU034,0
2026-09-14,SKU034,1
2026-09-15,SKU034,1
2026-09-16,SKU034,0
2026-09-17,SKU034,1
2026-09-18,SKU034,0
2026-09-19,SKU034,2
2026-09-20,SKU034,1
2026-09-21,SKU034,0
2026-09-22,SKU034,0
2026-09-23,SKU034,1
2026-09-24,SKU034,0
2026-09-25,SKU034,0
2026-09-26,SKU034,0
2026-09-27,SKU034,2
2026-09-28,SKU034,2
2026-09-29,SKU034,0
2026-09-30,SKU034,0
2026-10-01,SKU034,0
2026-10-02,SKU034,0
2026-10-03,SKU034,2
2026-07-06,SKU035,2
2026-07-07,SKU035,0
2026-07-08,SKU035,2
2026-07-09,SKU035,1
2026-07-10,SKU035,2
2026-07-11,SKU035,0
2026-07-12,SKU035,0
2026-07-13,SKU035,3
2026-07-14,SKU035,1
2026-07-15,SKU035,0
2026-07-16,SKU035,0
2026-07-17,SKU035,1
2026-07-18,SKU035,3
2026-07-19,SKU035,2
2026-07-20,SKU035,2
2026-07-21,SKU035,1
2026-07-22,SKU035,0
2026-07-23,SKU035,1
2026-07-24,SKU035,0
2026-07-25,SKU035,1
2026-07-26,SKU035,1
2026-07-27,SKU035,0
2026-07-28,SKU035,0
2026-07-29,SKU035,2
2026-07-30,SKU035,0
2026-07-31,SKU035,0
2026-08-01,SKU035,0
2026-08-02,SKU035,2
2026-08-03,SKU035,0
2026-08-04,SKU035,2
2026-08-05,SKU035,1
2026-08-06,SKU035,1
2026-08-07,SKU035,1
2026-08-08,SKU035,2
2026-08-09,SKU035,0
2026-08-10,SKU035,2
2026-08-11,SKU035,1
2026-08-12,SKU035,0
2026-08-13,SKU035,1
2026-08-14,SKU035,1
2026-08-15,SKU035,0
2026-08-16,SKU035,0
2026-08-17,SKU035,0
2026-08-18,SKU035,2
2026-08-19,SKU035,0
2026-08-20,SKU035,1
2026-08-21,SKU035,0
2026-08-22,SKU035,1
2026-08-23,SKU035,3
2026-08-24,SKU035,0
2026-08-25,SKU035,0
2026-08-26,SKU035,3
2026-08-27,SKU035,2
2026-08-28,SKU035,1
2026-08-29,SKU035,0
2026-08-30,SKU035,2
2026-08-31,SKU035,0
2026-09-01,SKU035,2
2026-09-02,SKU035,0
2026-09-03,SKU035,2
2026-09-04,SKU035,0
2026-09-05,SKU035,0
2026-09-06,SKU035,0
2026-09-07,SKU035,0
2026-09-08,SKU035,0
2026-09-09,SKU035,3
2026-09-10,SKU035,0
2026-09-11,SKU035,3
2026-09-12,SKU035,0
2026-09-13,SKU035,1
2026-09-14,SKU035,0
2026-09-15,SKU035,2
2026-09-16,SKU035,0
2026-09-17,SKU035,2
2026-09-18,SKU035,1
2026-09-19,SKU035,1
2026-09-20,SKU035,2
2026-09-21,SKU035,0
2026-09-22,SKU035,0
2026-09-23,SKU035,0
2026-09-24,SKU035,1
2026-09-25,SKU035,0
2026-09-26,SKU035,1
2026-09-27,SKU035,3
2026-09-28,SKU035,1
2026-09-29,SKU035,0
2026-09-30,SKU035,1
2026-10-01,SKU035,1
2026-10-02,SKU035,4
2026-10-03,SKU035,0
2026-07-06,SKU036,1
2026-07-07,SKU036,0
2026-07-08,SKU036,0
2026-07-09,SKU036,0
2026-07-10,SKU036,0
2026-07-11,SKU036,0
2026-07-12,SKU036,1
2026-07-13,SKU036,2
2026-07-14,SKU036,1
2026-07-15,SKU036,1
2026-07-16,SKU036,1
2026-07-17,SKU036,2
2026-07-18,SKU036,0
2026-07-19,SKU036,0
2026-07-20,SKU036,1
2026-07-21,SKU036,0
2026-07-22,SKU036,1
2026-07-23,SKU036,0
2026-07-24,SKU036,0
2026-07-25,SKU036,1
2026-07-26,SKU036,0
2026-07-27,SKU036,0
2026-07-28,SKU036,1
2026-07-29,SKU036,2
2026-07-30,SKU036,0
2026-07-31,SKU036,1
2026-08-01,SKU036,0
2026-08-02,SKU036,0
2026-08-03,SKU036,0
2026-08-04,SKU036,3
2026-08-05,SKU036,2
2026-08-06,SKU036,1
2026-08-07,SKU036,0
2026-08-08,SKU036,1
2026-08-09,SKU036,0
2026-08-10,SKU036,0
2026-08-11,SKU036,1
2026-08-12,SKU036,3
2026-08-13,SKU036,1
2026-08-14,SKU036,0
2026-08-15,SKU036,2
2026-08-16,SKU036,2
2026-08-17,SKU036,0
2026-08-18,SKU036,0
2026-08-19,SKU036,0
2026-08-20,SKU036,0
2026-08-21,SKU036,0
2026-08-22,SKU036,0
2026-08-23,SKU036,0
2026-08-24,SKU036,2
2026-08-25,SKU036,0
2026-08-26,SKU036,0
2026-08-27,SKU036,0
2026-08-28,SKU036,0
2026-08-29,SKU036,0
2026-08-30,SKU036,0
2026-08-31,SKU036,1
2026-09-01,SKU036,1
2026-09-02,SKU036,0
2026-09-03,SKU036,1
2026-09-04,SKU036,2
2026-09-05,SKU036,0
2026-09-06,SKU036,1
2026-09-07,SKU036,0
2026-09-08,SKU036,0
2026-09-09,SKU036,2
2026-09-10,SKU036,0
2026-09-11,SKU036,2
2026-09-12,SKU036,0
2026-09-13,SKU036,3
2026-09-14,SKU036,0
2026-09-15,SKU036,0
2026-09-16,SKU036,0
2026-09-17,SKU036,1
2026-09-18,SKU036,3
2026-09-19,SKU036,1
2026-09-20,SKU036,0
2026-09-21,SKU036,0
2026-09-22,SKU036,2
2026-09-23,SKU036,0
2026-09-24,SKU036,0
2026-09-25,SKU036,0
2026-09-26,SKU036,1
2026-09-27,SKU036,2
2026-09-28,SKU036,0
2026-09-29,SKU036,2
2026-09-30,SKU036,0
2026-10-01,SKU036,3
2026-10-02,SKU036,1
2026-10-03,SKU036,1
2026-07-06,SKU037,0
2026-07-07,SKU037,2
2026-07-08,SKU037,0
2026-07-09,SKU037,2
2026-07-10,SKU037,0
2026-07-11,SKU037,0
2026-07-12,SKU037,2
2026-07-13,SKU037,0
2026-07-14,SKU037,0
2026-07-15,SKU037,0
2026-07-16,SKU037,1
2026-07-17,SKU037,1
2026-07-18,SKU037,1
2026-07-19,SKU037,1
2026-07-20,SKU037,0
2026-07-21,SKU037,0
2026-07-22,SKU037,0
2026-07-23,SKU037,2
2026-07-24,SKU037,1
2026-07-25,SKU037,2
2026-07-26,SKU037,0
2026-07-27,SKU037,0
2026-07-28,SKU037,0
2026-07-29,SKU037,1
2026-07-30,SKU037,0
2026-07-31,SKU037,0
2026-08-01,SKU037,1
2026-08-02,SKU037,1
2026-08-03,SKU037,0
2026-08-04,SKU037,0
2026-08-05,SKU037,0
2026-08-06,SKU037,0
2026-08-07,SKU037,1
2026-08-08,SKU037,0
2026-08-09,SKU037,0
2026-08-10,SKU037,0
2026-08-11,SKU037,0
2026-08-12,SKU037,1
2026-08-13,SKU037,1
2026-08-14,SKU037,0
2026-08-15,SKU037,0
2026-08-16,SKU037,3
2026-08-17,SKU037,0
2026-08-18,SKU037,1
2026-08-19,SKU037,1
2026-08-20,SKU037,1
2026-08-21,SKU037,1
2026-08-22,SKU037,0
2026-08-23,SKU037,1
2026-08-24,SKU037,4
2026-08-25,SKU037,0
2026-08-26,SKU037,1
2026-08-27,SKU037,1
2026-08-28,SKU037,1
2026-08-29,SKU037,0
2026-08-30,SKU037,0
2026-08-31,SKU037,0
2026-09-01,SKU037,0
2026-09-02,SKU037,0
2026-09-03,SKU037,0
2026-09-04,SKU037,1
2026-09-05,SKU037,1
2026-09-06,SKU037,1
2026-09-07,SKU037,1
2026-09-08,SKU037,1
2026-09-09,SKU037,0
2026-09-10,SKU037,0
2026-09-11,SKU037,0
2026-09-12,SKU037,0
2026-09-13,SKU037,1
2026-09-14,SKU037,1
2026-09-15,SKU037,0
2026-09-16,SKU037,0
2026-09-17,SKU037,0
2026-09-18,SKU037,1
2026-09-19,SKU037,1
2026-09-20,SKU037,0
2026-09-21,SKU037,1
2026-09-22,SKU037,0
2026-09-23,SKU037,1
2026-09-24,SKU037,0
2026-09-25,SKU037,0
2026-09-26,SKU037,1
2026-09-27,SKU037,1
2026-09-28,SKU037,0
2026-09-29,SKU037,0
2026-09-30,SKU037,1
2026-10-01,SKU037,1
2026-10-02,SKU037,0
2026-10-03,SKU037,1
2026-07-06,SKU038,20
2026-07-07,SKU038,28
2026-07-08,SKU038,19
2026-07-09,SKU038,20
2026-07-10,SKU038,15
2026-07-11,SKU038,28
2026-07-12,SKU038,30
2026-07-13,SKU038,19
2026-07-14,SKU038,27
2026-07-15,SKU038,15
2026-07-16,SKU038,20
2026-07-17,SKU038,11
2026-07-18,SKU038,33
2026-07-19,SKU038,21
2026-07-20,SKU038,24
2026-07-21,SKU038,21
2026-07-22,SKU038,15
2026-07-23,SKU038,14
2026-07-24,SKU038,23
2026-07-25,SKU038,18
2026-07-26,SKU038,22
2026-07-27,SKU038,17
2026-07-28,SKU038,21
2026-07-29,SKU038,24
2026-07-30,SKU038,15
2026-07-31,SKU038,22
2026-08-01,SKU038,26
2026-08-02,SKU038,29
2026-08-03,SKU038,22
2026-08-04,SKU038,17
2026-08-05,SKU038,18
2026-08-06,SKU038,20
2026-08-07,SKU038,22
2026-08-08,SKU038,18
2026-08-09,SKU038,17
2026-08-10,SKU038,20
2026-08-11,SKU038,20
2026-08-12,SKU038,16
2026-08-13,SKU038,21
2026-08-14,SKU038,16
2026-08-15,SKU038,19
2026-08-16,SKU038,24
2026-08-17,SKU038,15
2026-08-18,SKU038,15
2026-08-19,SKU038,21
2026-08-20,SKU038,23
2026-08-21,SKU038,18
2026-08-22,SKU038,27
2026-08-23,SKU038,19
2026-08-24,SKU038,21
2026-08-25,SKU038,7
2026-08-26,SKU038,18
2026-08-27,SKU038,17
2026-08-28,SKU038,13
2026-08-29,SKU038,25
2026-08-30,SKU038,11
2026-08-31,SKU038,11
2026-09-01,SKU038,14
2026-09-02,SKU038,31
2026-09-03,SKU038,24
2026-09-04,SKU038,19
2026-09-05,SKU038,21
2026-09-06,SKU038,28
2026-09-07,SKU038,28
2026-09-08,SKU038,13
2026-09-09,SKU038,20
2026-09-10,SKU038,15
2026-09-11,SKU038,14
2026-09-12,SKU038,28
2026-09-13,SKU038,16
2026-09-14,SKU038,17
2026-09-15,SKU038,17
2026-09-16,SKU038,19
2026-09-17,SKU038,14
2026-09-18,SKU038,17
2026-09-19,SKU038,25
2026-09-20,SKU038,23
2026-09-21,SKU038,13
2026-09-22,SKU038,15
2026-09-23,SKU038,14
2026-09-24,SKU038,20
2026-09-25,SKU038,16
2026-09-26,SKU038,23
2026-09-27,SKU038,19
2026-09-28,SKU038,17
2026-09-29,SKU038,25
2026-09-30,SKU038,19
2026-10-01,SKU038,23
2026-10-02,SKU038,17
2026-10-03,SKU038,36
2026-07-06,SKU039,3
2026-07-07,SKU039,3
2026-07-08,SKU039,0
2026-07-09,SKU039,3
2026-07-10,SKU039,11
2026-07-11,SKU039,7
2026-07-12,SKU039,1
2026-07-13,SKU039,2
2026-07-14,SKU039,4
2026-07-15,SKU039,9
2026-07-16,SKU039,0
2026-07-17,SKU039,3
2026-07-18,SKU039,4
2026-07-19,SKU039,5
2026-07-20,SKU039,3
2026-07-21,SKU039,0
2026-07-22,SKU039,3
2026-07-23,SKU039,3
2026-07-24,SKU039,5
2026-07-25,SKU039,8
2026-07-26,SKU039,7
2026-07-27,SKU039,2
2026-07-28,SKU039,4
2026-07-29,SKU039,2
2026-07-30,SKU039,3
2026-07-31,SKU039,1
2026-08-01,SKU039,4
2026-08-02,SKU039,3
2026-08-03,SKU039,2
2026-08-04,SKU039,3
2026-08-05,SKU039,3
2026-08-06,SKU039,2
2026-08-07,SKU039,4
2026-08-08,SKU039,3
2026-08-09,SKU039,5
2026-08-10,SKU039,4
2026-08-11,SKU039,5
2026-08-12,SKU039,4
2026-08-13,SKU039,0
2026-08-14,SKU039,3
2026-08-15,SKU039,4
2026-08-16,SKU039,2
2026-08-17,SKU039,7
2026-08-18,SKU039,2
2026-08-19,SKU039,2
2026-08-20,SKU039,4
2026-08-21,SKU039,5
2026-08-22,SKU039,5
2026-08-23,SKU039,2
2026-08-24,SKU039,4
2026-08-25,SKU039,4
2026-08-26,SKU039,4
2026-08-27,SKU039,1
2026-08-28,SKU039,3
2026-08-29,SKU039,5
2026-08-30,SKU039,4
2026-08-31,SKU039,5
2026-09-01,SKU039,3
2026-09-02,SKU039,4
2026-09-03,SKU039,4
2026-09-04,SKU039,4
2026-09-05,SKU039,5
2026-09-06,SKU039,2
2026-09-07,SKU039,4
2026-09-08,SKU039,2
2026-09-09,SKU039,3
2026-09-10,SKU039,7
2026-09-11,SKU039,4
2026-09-12,SKU039,5
2026-09-13,SKU039,3
2026-09-14,SKU039,3
2026-09-15,SKU039,4
2026-09-16,SKU039,4
2026-09-17,SKU039,3
2026-09-18,SKU039,2
2026-09-19,SKU039,6
2026-09-20,SKU039,5
2026-09-21,SKU039,1
2026-09-22,SKU039,1
2026-09-23,SKU039,6
2026-09-24,SKU039,2
2026-09-25,SKU039,4
2026-09-26,SKU039,4
2026-09-27,SKU039,4
2026-09-28,SKU039,0
2026-09-29,SKU039,1
2026-09-30,SKU039,5
2026-10-01,SKU039,2
2026-10-02,SKU039,3
2026-10-03,SKU039,5
2026-07-06,SKU040,9
2026-07-07,SKU040,5
2026-07-08,SKU040,8
2026-07-09,SKU040,11
2026-07-10,SKU040,7
2026-07-11,SKU040,11
2026-07-12,SKU040,4
2026-07-13,SKU040,10
2026-07-14,SKU040,4
2026-07-15,SKU040,4
2026-07-16,SKU040,9
2026-07-17,SKU040,9
2026-07-18,SKU040,5
2026-07-19,SKU040,8
2026-07-20,SKU040,8
2026-07-21,SKU040,3
2026-07-22,SKU040,6
2026-07-23,SKU040,9
2026-07-24,SKU040,6
2026-07-25,SKU040,7
2026-07-26,SKU040,6
2026-07-27,SKU040,1
2026-07-28,SKU040,11
2026-07-29,SKU040,7
2026-07-30,SKU040,11
2026-07-31,SKU040,4
2026-08-01,SKU040,4
2026-08-02,SKU040,7
2026-08-03,SKU040,8
2026-08-04,SKU040,5
2026-08-05,SKU040,6
2026-08-06,SKU040,8
2026-08-07,SKU040,7
2026-08-08,SKU040,3
2026-08-09,SKU040,4
2026-08-10,SKU040,4
2026-08-11,SKU040,8
2026-08-12,SKU040,5
2026-08-13,SKU040,6
2026-08-14,SKU040,6
2026-08-15,SKU040,10
2026-08-16,SKU040,5
2026-08-17,SKU040,2
2026-08-18,SKU040,5
2026-08-19,SKU040,5
2026-08-20,SKU040,2
2026-08-21,SKU040,5
2026-08-22,SKU040,2
2026-08-23,SKU040,10
2026-08-24,SKU040,6
2026-08-25,SKU040,4
2026-08-26,SKU040,10
2026-08-27,SKU040,5
2026-08-28,SKU040,4
2026-08-29,SKU040,7
2026-08-30,SKU040,10
2026-08-31,SKU040,10
2026-09-01,SKU040,7
2026-09-02,SKU040,5
2026-09-03,SKU040,21
2026-09-04,SKU040,5
2026-09-05,SKU040,6
2026-09-06,SKU040,10
2026-09-07,SKU040,7
2026-09-08,SKU040,5
2026-09-09,SKU040,5
2026-09-10,SKU040,5
2026-09-11,SKU040,6
2026-09-12,SKU040,5
2026-09-13,SKU040,6
2026-09-14,SKU040,6
2026-09-15,SKU040,7
2026-09-16,SKU040,8
2026-09-17,SKU040,8
2026-09-18,SKU040,5
2026-09-19,SKU040,4
2026-09-20,SKU040,7
2026-09-21,SKU040,7
2026-09-22,SKU040,6
2026-09-23,SKU040,7
2026-09-24,SKU040,2
2026-09-25,SKU040,11
2026-09-26,SKU040,8
2026-09-27,SKU040,6
2026-09-28,SKU040,4
2026-09-29,SKU040,13
2026-09-30,SKU040,5
2026-10-01,SKU040,9
2026-10-02,SKU040,5
2026-10-03,SKU040,12
2026-07-06,SKU041,3
2026-07-07,SKU041,1
2026-07-08,SKU041,1
2026-07-09,SKU041,1
2026-07-10,SKU041,0
2026-07-11,SKU041,0
2026-07-12,SKU041,0
2026-07-13,SKU041,1
2026-07-14,SKU041,1
2026-07-15,SKU041,2
2026-07-16,SKU041,0
2026-07-17,SKU041,0
2026-07-18,SKU041,0
2026-07-19,SKU041,0
2026-07-20,SKU041,0
2026-07-21,SKU041,0
2026-07-22,SKU041,0
2026-07-23,SKU041,0
2026-07-24,SKU041,1
2026-07-25,SKU041,0
2026-07-26,SKU041,1
2026-07-27,SKU041,0
2026-07-28,SKU041,0
2026-07-29,SKU041,0
2026-07-30,SKU041,1
2026-07-31,SKU041,0
2026-08-01,SKU041,2
2026-08-02,SKU041,1
2026-08-03,SKU041,2
2026-08-04,SKU041,0
2026-08-05,SKU041,0
2026-08-06,SKU041,1
2026-08-07,SKU041,1
2026-08-08,SKU041,1
2026-08-09,SKU041,0
2026-08-10,SKU041,1
2026-08-11,SKU041,1
2026-08-12,SKU041,1
2026-08-13,SKU041,2
2026-08-14,SKU041,2
2026-08-15,SKU041,1
2026-08-16,SKU041,1
2026-08-17,SKU041,1
2026-08-18,SKU041,1
2026-08-19,SKU041,1
2026-08-20,SKU041,1
2026-08-21,SKU041,0
2026-08-22,SKU041,0
2026-08-23,SKU041,1
2026-08-24,SKU041,1
2026-08-25,SKU041,1
2026-08-26,SKU041,0
2026-08-27,SKU041,0
2026-08-28,SKU041,0
2026-08-29,SKU041,0
2026-08-30,SKU041,0
2026-08-31,SKU041,0
2026-09-01,SKU041,1
2026-09-02,SKU041,1
2026-09-03,SKU041,0
2026-09-04,SKU041,0
2026-09-05,SKU041,0
2026-09-06,SKU041,0
2026-09-07,SKU041,2
2026-09-08,SKU041,0
2026-09-09,SKU041,0
2026-09-10,SKU041,1
2026-09-11,SKU041,0
2026-09-12,SKU041,0
2026-09-13,SKU041,0
2026-09-14,SKU041,1
2026-09-15,SKU041,0
2026-09-16,SKU041,2
2026-09-17,SKU041,0
2026-09-18,SKU041,1
2026-09-19,SKU041,0
2026-09-20,SKU041,0
2026-09-21,SKU041,0
2026-09-22,SKU041,3
2026-09-23,SKU041,1
2026-09-24,SKU041,1
2026-09-25,SKU041,0
2026-09-26,SKU041,1
2026-09-27,SKU041,1
2026-09-28,SKU041,1
2026-09-29,SKU041,0
2026-09-30,SKU041,0
2026-10-01,SKU041,0
2026-10-02,SKU041,1
2026-10-03,SKU041,0
2026-07-06,SKU042,2
2026-07-07,SKU042,5
2026-07-08,SKU042,1
2026-07-09,SKU042,6
2026-07-10,SKU042,2
2026-07-11,SKU042,6
2026-07-12,SKU042,4
2026-07-13,SKU042,5
2026-07-14,SKU042,3
2026-07-15,SKU042,4
2026-07-16,SKU042,6
2026-07-17,SKU042,4
2026-07-18,SKU042,6
2026-07-19,SKU042,4
2026-07-20,SKU042,2
2026-07-21,SKU042,6
2026-07-22,SKU042,3
2026-07-23,SKU042,3
2026-07-24,SKU042,2
2026-07-25,SKU042,5
2026-07-26,SKU042,1
2026-07-27,SKU042,5
2026-07-28,SKU042,3
2026-07-29,SKU042,4
2026-07-30,SKU042,2
2026-07-31,SKU042,4
2026-08-01,SKU042,3
2026-08-02,SKU042,7
2026-08-03,SKU042,1
2026-08-04,SKU042,6
2026-08-05,SKU042,1
2026-08-06,SKU042,6
2026-08-07,SKU042,2
2026-08-08,SKU042,8
2026-08-09,SKU042,5
2026-08-10,SKU042,3
2026-08-11,SKU042,5
2026-08-12,SKU042,3
2026-08-13,SKU042,6
2026-08-14,SKU042,8
2026-08-15,SKU042,4
2026-08-16,SKU042,6
2026-08-17,SKU042,2
2026-08-18,SKU042,1
2026-08-19,SKU042,3
2026-08-20,SKU042,4
2026-08-21,SKU042,5
2026-08-22,SKU042,5
2026-08-23,SKU042,5
2026-08-24,SKU042,5
2026-08-25,SKU042,2
2026-08-26,SKU042,2
2026-08-27,SKU042,3
2026-08-28,SKU042,3
2026-08-29,SKU042,2
2026-08-30,SKU042,4
2026-08-31,SKU042,7
2026-09-01,SKU042,8
2026-09-02,SKU042,1
2026-09-03,SKU042,3
2026-09-04,SKU042,5
2026-09-05,SKU042,3
2026-09-06,SKU042,6
2026-09-07,SKU042,4
2026-09-08,SKU042,2
2026-09-09,SKU042,3
2026-09-10,SKU042,7
2026-09-11,SKU042,4
2026-09-12,SKU042,6
2026-09-13,SKU042,3
2026-09-14,SKU042,1
2026-09-15,SKU042,5
2026-09-16,SKU042,2
2026-09-17,SKU042,3
2026-09-18,SKU042,3
2026-09-19,SKU042,3
2026-09-20,SKU042,2
2026-09-21,SKU042,2
2026-09-22,SKU042,6
2026-09-23,SKU042,4
2026-09-24,SKU042,3
2026-09-25,SKU042,4
2026-09-26,SKU042,7
2026-09-27,SKU042,2
2026-09-28,SKU042,1
2026-09-29,SKU042,3
2026-09-30,SKU042,6
2026-10-01,SKU042,7
2026-10-02,SKU042,5
2026-10-03,SKU042,6
2026-07-06,SKU043,8
2026-07-07,SKU043,6
2026-07-08,SKU043,10
2026-07-09,SKU043,5
2026-07-10,SKU043,3
2026-07-11,SKU043,5
2026-07-12,SKU043,5
2026-07-13,SKU043,2
2026-07-14,SKU043,4
2026-07-15,SKU043,8
2026-07-16,SKU043,4
2026-07-17,SKU043,7
2026-07-18,SKU043,6
2026-07-19,SKU043,3
2026-07-20,SKU043,10
2026-07-21,SKU043,3
2026-07-22,SKU043,5
2026-07-23,SKU043,4
2026-07-24,SKU043,4
2026-07-25,SKU043,6
2026-07-26,SKU043,8
2026-07-27,SKU043,4
2026-07-28,SKU043,1
2026-07-29,SKU043,2
2026-07-30,SKU043,1
2026-07-31,SKU043,2
2026-08-01,SKU043,9
2026-08-02,SKU043,5
2026-08-03,SKU043,1
2026-08-04,SKU043,6
2026-08-05,SKU043,9
2026-08-06,SKU043,6
2026-08-07,SKU043,6
2026-08-08,SKU043,4
2026-08-09,SKU043,5
2026-08-10,SKU043,3
2026-08-11,SKU043,1
2026-08-12,SKU043,3
2026-08-13,SKU043,7
2026-08-14,SKU043,3
2026-08-15,SKU043,5
2026-08-16,SKU043,5
2026-08-17,SKU043,8
2026-08-18,SKU043,6
2026-08-19,SKU043,6
2026-08-20,SKU043,4
2026-08-21,SKU043,1
2026-08-22,SKU043,5
2026-08-23,SKU043,6
2026-08-24,SKU043,7
2026-08-25,SKU043,4
2026-08-26,SKU043,7
2026-08-27,SKU043,5
2026-08-28,SKU043,1
2026-08-29,SKU043,6
2026-08-30,SKU043,5
2026-08-31,SKU043,1
2026-09-01,SKU043,9
2026-09-02,SKU043,4
2026-09-03,SKU043,5
2026-09-04,SKU043,2
2026-09-05,SKU043,6
2026-09-06,SKU043,7
2026-09-07,SKU043,4
2026-09-08,SKU043,7
2026-09-09,SKU043,6
2026-09-10,SKU043,8
2026-09-11,SKU043,0
2026-09-12,SKU043,4
2026-09-13,SKU043,5
2026-09-14,SKU043,6
2026-09-15,SKU043,5
2026-09-16,SKU043,6
2026-09-17,SKU043,6
2026-09-18,SKU043,3
2026-09-19,SKU043,5
2026-09-20,SKU043,11
2026-09-21,SKU043,3
2026-09-22,SKU043,5
2026-09-23,SKU043,2
2026-09-24,SKU043,2
2026-09-25,SKU043,4
2026-09-26,SKU043,7
2026-09-27,SKU043,3
2026-09-28,SKU043,2
2026-09-29,SKU043,5
2026-09-30,SKU043,5
2026-10-01,SKU043,5
2026-10-02,SKU043,8
2026-10-03,SKU043,8
2026-07-06,SKU044,0
2026-07-07,SKU044,0
2026-07-08,SKU044,0
2026-07-09,SKU044,1
2026-07-10,SKU044,0
2026-07-11,SKU044,0
2026-07-12,SKU044,1
2026-07-13,SKU044,0
2026-07-14,SKU044,0
2026-07-15,SKU044,0
2026-07-16,SKU044,1
2026-07-17,SKU044,1
2026-07-18,SKU044,2
2026-07-19,SKU044,1
2026-07-20,SKU044,1
2026-07-21,SKU044,1
2026-07-22,SKU044,0
2026-07-23,SKU044,0
2026-07-24,SKU044,0
2026-07-25,SKU044,1
2026-07-26,SKU044,1
2026-07-27,SKU044,1
2026-07-28,SKU044,0
2026-07-29,SKU044,0
2026-07-30,SKU044,2
2026-07-31,SKU044,1
2026-08-01,SKU044,3
2026-08-02,SKU044,0
2026-08-03,SKU044,0
2026-08-04,SKU044,1
2026-08-05,SKU044,0
2026-08-06,SKU044,0
2026-08-07,SKU044,1
2026-08-08,SKU044,1
2026-08-09,SKU044,0
2026-08-10,SKU044,0
2026-08-11,SKU044,0
2026-08-12,SKU044,0
2026-08-13,SKU044,0
2026-08-14,SKU044,0
2026-08-15,SKU044,0
2026-08-16,SKU044,1
2026-08-17,SKU044,0
2026-08-18,SKU044,0
2026-08-19,SKU044,4
2026-08-20,SKU044,1
2026-08-21,SKU044,1
2026-08-22,SKU044,0
2026-08-23,SKU044,3
2026-08-24,SKU044,0
2026-08-25,SKU044,0
2026-08-26,SKU044,0
2026-08-27,SKU044,0
2026-08-28,SKU044,0
2026-08-29,SKU044,1
2026-08-30,SKU044,2
2026-08-31,SKU044,0
2026-09-01,SKU044,0
2026-09-02,SKU044,0
2026-09-03,SKU044,1
2026-09-04,SKU044,0
2026-09-05,SKU044,3
2026-09-06,SKU044,1
2026-09-07,SKU044,0
2026-09-08,SKU044,2
2026-09-09,SKU044,0
2026-09-10,SKU044,0
2026-09-11,SKU044,2
2026-09-12,SKU044,0
2026-09-13,SKU044,2
2026-09-14,SKU044,2
2026-09-15,SKU044,1
2026-09-16,SKU044,1
2026-09-17,SKU044,1
2026-09-18,SKU044,0
2026-09-19,SKU044,1
2026-09-20,SKU044,0
2026-09-21,SKU044,0
2026-09-22,SKU044,2
2026-09-23,SKU044,1
2026-09-24,SKU044,1
2026-09-25,SKU044,0
2026-09-26,SKU044,2
2026-09-27,SKU044,1
2026-09-28,SKU044,0
2026-09-29,SKU044,0
2026-09-30,SKU044,0
2026-10-01,SKU044,0
2026-10-02,SKU044,1
2026-10-03,SKU044,2
2026-07-06,SKU045,0
2026-07-07,SKU045,1
2026-07-08,SKU045,1
2026-07-09,SKU045,1
2026-07-10,SKU045,1
2026-07-11,SKU045,1
2026-07-12,SKU045,1
2026-07-13,SKU045,0
2026-07-14,SKU045,0
2026-07-15,SKU045,1
2026-07-16,SKU045,0
2026-07-17,SKU045,0
2026-07-18,SKU045,1
2026-07-19,SKU045,1
2026-07-20,SKU045,0
2026-07-21,SKU045,1
2026-07-22,SKU045,1
2026-07-23,SKU045,0
2026-07-24,SKU045,1
2026-07-25,SKU045,0
2026-07-26,SKU045,1
2026-07-27,SKU045,0
2026-07-28,SKU045,1
2026-07-29,SKU045,0
2026-07-30,SKU045,0
2026-07-31,SKU045,0
2026-08-01,SKU045,1
2026-08-02,SKU045,0
2026-08-03,SKU045,0
2026-08-04,SKU045,0
2026-08-05,SKU045,0
2026-08-06,SKU045,1
2026-08-07,SKU045,0
2026-08-08,SKU045,1
2026-08-09,SKU045,0
2026-08-10,SKU045,0
2026-08-11,SKU045,0
2026-08-12,SKU045,0
2026-08-13,SKU045,0
2026-08-14,SKU045,1
2026-08-15,SKU045,0
2026-08-16,SKU045,0
2026-08-17,SKU045,0
2026-08-18,SKU045,0
2026-08-19,SKU045,0
2026-08-20,SKU045,0
2026-08-21,SKU045,3
2026-08-22,SKU045,0
2026-08-23,SKU045,0
2026-08-24,SKU045,0
2026-08-25,SKU045,0
2026-08-26,SKU045,1
2026-08-27,SKU045,0
2026-08-28,SKU045,0
2026-08-29,SKU045,0
2026-08-30,SKU045,0
2026-08-31,SKU045,0
2026-09-01,SKU045,0
2026-09-02,SKU045,0
2026-09-03,SKU045,1
2026-09-04,SKU045,0
2026-09-05,SKU045,0
2026-09-06,SKU045,0
2026-09-07,SKU045,0
2026-09-08,SKU045,0
2026-09-09,SKU045,0
2026-09-10,SKU045,0
2026-09-11,SKU045,0
2026-09-12,SKU045,0
2026-09-13,SKU045,0
2026-09-14,SKU045,0
2026-09-15,SKU045,0
2026-09-16,SKU045,0
2026-09-17,SKU045,0
2026-09-18,SKU045,0
2026-09-19,SKU045,0
2026-09-20,SKU045,0
2026-09-21,SKU045,0
2026-09-22,SKU045,0
2026-09-23,SKU045,0
2026-09-24,SKU045,0
2026-09-25,SKU045,0
2026-09-26,SKU045,0
2026-09-27,SKU045,0
2026-09-28,SKU045,0
2026-09-29,SKU045,0
2026-09-30,SKU045,0
2026-10-01,SKU045,0
2026-10-02,SKU045,0
2026-10-03,SKU045,0
2026-07-06,SKU046,1
2026-07-07,SKU046,0
2026-07-08,SKU046,0
2026-07-09,SKU046,0
2026-07-10,SKU046,0
2026-07-11,SKU046,0
2026-07-12,SKU046,0
2026-07-13,SKU046,1
2026-07-14,SKU046,0
2026-07-15,SKU046,0
2026-07-16,SKU046,0
2026-07-17,SKU046,0
2026-07-18,SKU046,0
2026-07-19,SKU046,0
2026-07-20,SKU046,1
2026-07-21,SKU046,2
2026-07-22,SKU046,0
2026-07-23,SKU046,0
2026-07-24,SKU046,1
2026-07-25,SKU046,0
2026-07-26,SKU046,0
2026-07-27,SKU046,1
2026-07-28,SKU046,0
2026-07-29,SKU046,0
2026-07-30,SKU046,0
2026-07-31,SKU046,2
2026-08-01,SKU046,0
2026-08-02,SKU046,1
2026-08-03,SKU046,0
2026-08-04,SKU046,0
2026-08-05,SKU046,0
2026-08-06,SKU046,2
2026-08-07,SKU046,1
2026-08-08,SKU046,1
2026-08-09,SKU046,0
2026-08-10,SKU046,0
2026-08-11,SKU046,0
2026-08-12,SKU046,0
2026-08-13,SKU046,0
2026-08-14,SKU046,1
2026-08-15,SKU046,0
2026-08-16,SKU046,0
2026-08-17,SKU046,0
2026-08-18,SKU046,0
2026-08-19,SKU046,0
2026-08-20,SKU046,2
2026-08-21,SKU046,1
2026-08-22,SKU046,0
2026-08-23,SKU046,1
2026-08-24,SKU046,0
2026-08-25,SKU046,1
2026-08-26,SKU046,0
2026-08-27,SKU046,0
2026-08-28,SKU046,1
2026-08-29,SKU046,2
2026-08-30,SKU046,1
2026-08-31,SKU046,1
2026-09-01,SKU046,0
2026-09-02,SKU046,0
2026-09-03,SKU046,0
2026-09-04,SKU046,1
2026-09-05,SKU046,1
2026-09-06,SKU046,0
2026-09-07,SKU046,1
2026-09-08,SKU046,1
2026-09-09,SKU046,0
2026-09-10,SKU046,1
2026-09-11,SKU046,0
2026-09-12,SKU046,1
2026-09-13,SKU046,3
2026-09-14,SKU046,0
2026-09-15,SKU046,1
2026-09-16,SKU046,1
2026-09-17,SKU046,0
2026-09-18,SKU046,0
2026-09-19,SKU046,1
2026-09-20,SKU046,0
2026-09-21,SKU046,1
2026-09-22,SKU046,0
2026-09-23,SKU046,1
2026-09-24,SKU046,0
2026-09-25,SKU046,2
2026-09-26,SKU046,0
2026-09-27,SKU046,1
2026-09-28,SKU046,1
2026-09-29,SKU046,0
2026-09-30,SKU046,0
2026-10-01,SKU046,0
2026-10-02,SKU046,1
2026-10-03,SKU046,1
2026-07-06,SKU047,3
2026-07-07,SKU047,5
2026-07-08,SKU047,2
2026-07-09,SKU047,4
2026-07-10,SKU047,4
2026-07-11,SKU047,2
2026-07-12,SKU047,4
2026-07-13,SKU047,3
2026-07-14,SKU047,1
2026-07-15,SKU047,4
2026-07-16,SKU047,2
2026-07-17,SKU047,6
2026-07-18,SKU047,5
2026-07-19,SKU047,3
2026-07-20,SKU047,4
2026-07-21,SKU047,4
2026-07-22,SKU047,1
2026-07-23,SKU047,3
2026-07-24,SKU047,3
2026-07-25,SKU047,8
2026-07-26,SKU047,3
2026-07-27,SKU047,2
2026-07-28,SKU047,2
2026-07-29,SKU047,3
2026-07-30,SKU047,1
2026-07-31,SKU047,4
2026-08-01,SKU047,1
2026-08-02,SKU047,1
2026-08-03,SKU047,2
2026-08-04,SKU047,5
2026-08-05,SKU047,6
2026-08-06,SKU047,6
2026-08-07,SKU047,2
2026-08-08,SKU047,6
2026-08-09,SKU047,4
2026-08-10,SKU047,4
2026-08-11,SKU047,2
2026-08-12,SKU047,2
2026-08-13,SKU047,2
2026-08-14,SKU047,0
2026-08-15,SKU047,7
2026-08-16,SKU047,0
2026-08-17,SKU047,4
2026-08-18,SKU047,4
2026-08-19,SKU047,0
2026-08-20,SKU047,5
2026-08-21,SKU047,1
2026-08-22,SKU047,2
2026-08-23,SKU047,6
2026-08-24,SKU047,3
2026-08-25,SKU047,1
2026-08-26,SKU047,3
2026-08-27,SKU047,2
2026-08-28,SKU047,1
2026-08-29,SKU047,6
2026-08-30,SKU047,4
2026-08-31,SKU047,0
2026-09-01,SKU047,5
2026-09-02,SKU047,2
2026-09-03,SKU047,3
2026-09-04,SKU047,1
2026-09-05,SKU047,3
2026-09-06,SKU047,4
2026-09-07,SKU047,2
2026-09-08,SKU047,3
2026-09-09,SKU047,2
2026-09-10,SKU047,2
2026-09-11,SKU047,4
2026-09-12,SKU047,0
2026-09-13,SKU047,3
2026-09-14,SKU047,2
2026-09-15,SKU047,4
2026-09-16,SKU047,3
2026-09-17,SKU047,3
2026-09-18,SKU047,4
2026-09-19,SKU047,5
2026-09-20,SKU047,2
2026-09-21,SKU047,0
2026-09-22,SKU047,0
2026-09-23,SKU047,3
2026-09-24,SKU047,4
2026-09-25,SKU047,3
2026-09-26,SKU047,7
2026-09-27,SKU047,1
2026-09-28,SKU047,3
2026-09-29,SKU047,3
2026-09-30,SKU047,1
2026-10-01,SKU047,3
2026-10-02,SKU047,1
2026-10-03,SKU047,0
2026-07-06,SKU048,8
2026-07-07,SKU048,2
2026-07-08,SKU048,3
2026-07-09,SKU048,1
2026-07-10,SKU048,4
2026-07-11,SKU048,4
2026-07-12,SKU048,6
2026-07-13,SKU048,6
2026-07-14,SKU048,2
2026-07-15,SKU048,7
2026-07-16,SKU048,2
2026-07-17,SKU048,1
2026-07-18,SKU048,4
2026-07-19,SKU048,4
2026-07-20,SKU048,1
2026-07-21,SKU048,2
2026-07-22,SKU048,1
2026-07-23,SKU048,1
2026-07-24,SKU048,1
2026-07-25,SKU048,5
2026-07-26,SKU048,3
2026-07-27,SKU048,4
2026-07-28,SKU048,3
2026-07-29,SKU048,4
2026-07-30,SKU048,4
2026-07-31,SKU048,2
2026-08-01,SKU048,5
2026-08-02,SKU048,1
2026-08-03,SKU048,4
2026-08-04,SKU048,5
2026-08-05,SKU048,5
2026-08-06,SKU048,4
2026-08-07,SKU048,1
2026-08-08,SKU048,3
2026-08-09,SKU048,2
2026-08-10,SKU048,1
2026-08-11,SKU048,2
2026-08-12,SKU048,1
2026-08-13,SKU048,2
2026-08-14,SKU048,3
2026-08-15,SKU048,4
2026-08-16,SKU048,3
2026-08-17,SKU048,1
2026-08-18,SKU048,4
2026-08-19,SKU048,3
2026-08-20,SKU048,2
2026-08-21,SKU048,1
2026-08-22,SKU048,2
2026-08-23,SKU048,1
2026-08-24,SKU048,3
2026-08-25,SKU048,3
2026-08-26,SKU048,2
2026-08-27,SKU048,3
2026-08-28,SKU048,2
2026-08-29,SKU048,3
2026-08-30,SKU048,3
2026-08-31,SKU048,0
2026-09-01,SKU048,2
2026-09-02,SKU048,6
2026-09-03,SKU048,1
2026-09-04,SKU048,2
2026-09-05,SKU048,2
2026-09-06,SKU048,0
2026-09-07,SKU048,1
2026-09-08,SKU048,1
2026-09-09,SKU048,2
2026-09-10,SKU048,0
2026-09-11,SKU048,3
2026-09-12,SKU048,2
2026-09-13,SKU048,3
2026-09-14,SKU048,3
2026-09-15,SKU048,5
2026-09-16,SKU048,3
2026-09-17,SKU048,0
2026-09-18,SKU048,2
2026-09-19,SKU048,3
2026-09-20,SKU048,2
2026-09-21,SKU048,4
2026-09-22,SKU048,1
2026-09-23,SKU048,0
2026-09-24,SKU048,1
2026-09-25,SKU048,1
2026-09-26,SKU048,1
2026-09-27,SKU048,3
2026-09-28,SKU048,3
2026-09-29,SKU048,1
2026-09-30,SKU048,3
2026-10-01,SKU048,2
2026-10-02,SKU048,1
2026-10-03,SKU048,2
2026-07-06,SKU049,2
2026-07-07,SKU049,1
2026-07-08,SKU049,3
2026-07-09,SKU049,2
2026-07-10,SKU049,1
2026-07-11,SKU049,4
2026-07-12,SKU049,2
2026-07-13,SKU049,2
2026-07-14,SKU049,1
2026-07-15,SKU049,0
2026-07-16,SKU049,1
2026-07-17,SKU049,1
2026-07-18,SKU049,3
2026-07-19,SKU049,0
2026-07-20,SKU049,0
2026-07-21,SKU049,2
2026-07-22,SKU049,1
2026-07-23,SKU049,2
2026-07-24,SKU049,0
2026-07-25,SKU049,1
2026-07-26,SKU049,1
2026-07-27,SKU049,1
2026-07-28,SKU049,2
2026-07-29,SKU049,4
2026-07-30,SKU049,2
2026-07-31,SKU049,0
2026-08-01,SKU049,6
2026-08-02,SKU049,6
2026-08-03,SKU049,1
2026-08-04,SKU049,1
2026-08-05,SKU049,2
2026-08-06,SKU049,0
2026-08-07,SKU049,1
2026-08-08,SKU049,0
2026-08-09,SKU049,2
2026-08-10,SKU049,2
2026-08-11,SKU049,0
2026-08-12,SKU049,2
2026-08-13,SKU049,5
2026-08-14,SKU049,0
2026-08-15,SKU049,0
2026-08-16,SKU049,2
2026-08-17,SKU049,1
2026-08-18,SKU049,1
2026-08-19,SKU049,1
2026-08-20,SKU049,2
2026-08-21,SKU049,2
2026-08-22,SKU049,1
2026-08-23,SKU049,1
2026-08-24,SKU049,0
2026-08-25,SKU049,2
2026-08-26,SKU049,0
2026-08-27,SKU049,3
2026-08-28,SKU049,2
2026-08-29,SKU049,3
2026-08-30,SKU049,1
2026-08-31,SKU049,1
2026-09-01,SKU049,0
2026-09-02,SKU049,3
2026-09-03,SKU049,1
2026-09-04,SKU049,2
2026-09-05,SKU049,1
2026-09-06,SKU049,2
2026-09-07,SKU049,2
2026-09-08,SKU049,4
2026-09-09,SKU049,0
2026-09-10,SKU049,3
2026-09-11,SKU049,1
2026-09-12,SKU049,2
2026-09-13,SKU049,1
2026-09-14,SKU049,0
2026-09-15,SKU049,0
2026-09-16,SKU049,5
2026-09-17,SKU049,3
2026-09-18,SKU049,1
2026-09-19,SKU049,0
2026-09-20,SKU049,2
2026-09-21,SKU049,0
2026-09-22,SKU049,1
2026-09-23,SKU049,0
2026-09-24,SKU049,4
2026-09-25,SKU049,2
2026-09-26,SKU049,1
2026-09-27,SKU049,1
2026-09-28,SKU049,1
2026-09-29,SKU049,2
2026-09-30,SKU049,3
2026-10-01,SKU049,0
2026-10-02,SKU049,1
2026-10-03,SKU049,1
2026-07-06,SKU050,3
2026-07-07,SKU050,10
2026-07-08,SKU050,2
2026-07-09,SKU050,8
2026-07-10,SKU050,6
2026-07-11,SKU050,4
2026-07-12,SKU050,10
2026-07-13,SKU050,6
2026-07-14,SKU050,6
2026-07-15,SKU050,4
2026-07-16,SKU050,5
2026-07-17,SKU050,4
2026-07-18,SKU050,9
2026-07-19,SKU050,7
2026-07-20,SKU050,8
2026-07-21,SKU050,10
2026-07-22,SKU050,7
2026-07-23,SKU050,6
2026-07-24,SKU050,7
2026-07-25,SKU050,5
2026-07-26,SKU050,4
2026-07-27,SKU050,5
2026-07-28,SKU050,5
2026-07-29,SKU050,8
2026-07-30,SKU050,6
2026-07-31,SKU050,7
2026-08-01,SKU050,10
2026-08-02,SKU050,13
2026-08-03,SKU050,4
2026-08-04,SKU050,11
2026-08-05,SKU050,6
2026-08-06,SKU050,9
2026-08-07,SKU050,6
2026-08-08,SKU050,8
2026-08-09,SKU050,4
2026-08-10,SKU050,7
2026-08-11,SKU050,12
2026-08-12,SKU050,5
2026-08-13,SKU050,9
2026-08-14,SKU050,5
2026-08-15,SKU050,6
2026-08-16,SKU050,1
2026-08-17,SKU050,6
2026-08-18,SKU050,2
2026-08-19,SKU050,8
2026-08-20,SKU050,7
2026-08-21,SKU050,12
2026-08-22,SKU050,8
2026-08-23,SKU050,3
2026-08-24,SKU050,8
2026-08-25,SKU050,9
2026-08-26,SKU050,5
2026-08-27,SKU050,10
2026-08-28,SKU050,3
2026-08-29,SKU050,4
2026-08-30,SKU050,4
2026-08-31,SKU050,8
2026-09-01,SKU050,5
2026-09-02,SKU050,6
2026-09-03,SKU050,13
2026-09-04,SKU050,12
2026-09-05,SKU050,13
2026-09-06,SKU050,8
2026-09-07,SKU050,8
2026-09-08,SKU050,5
2026-09-09,SKU050,6
2026-09-10,SKU050,3
2026-09-11,SKU050,5
2026-09-12,SKU050,8
2026-09-13,SKU050,7
2026-09-14,SKU050,4
2026-09-15,SKU050,6
2026-09-16,SKU050,5
2026-09-17,SKU050,3
2026-09-18,SKU050,9
2026-09-19,SKU050,9
2026-09-20,SKU050,7
2026-09-21,SKU050,7
2026-09-22,SKU050,6
2026-09-23,SKU050,5
2026-09-24,SKU050,5
2026-09-25,SKU050,9
2026-09-26,SKU050,8
2026-09-27,SKU050,9
2026-09-28,SKU050,2
2026-09-29,SKU050,7
2026-09-30,SKU050,9
2026-10-01,SKU050,11
2026-10-02,SKU050,5
2026-10-03,SKU050,8
2026-07-06,SKU051,2
2026-07-07,SKU051,1
2026-07-08,SKU051,1
2026-07-09,SKU051,1
2026-07-10,SKU051,0
2026-07-11,SKU051,3
2026-07-12,SKU051,3
2026-07-13,SKU051,3
2026-07-14,SKU051,1
2026-07-15,SKU051,4
2026-07-16,SKU051,1
2026-07-17,SKU051,1
2026-07-18,SKU051,1
2026-07-19,SKU051,1
2026-07-20,SKU051,1
2026-07-21,SKU051,1
2026-07-22,SKU051,2
2026-07-23,SKU051,5
2026-07-24,SKU051,1
2026-07-25,SKU051,1
2026-07-26,SKU051,1
2026-07-27,SKU051,3
2026-07-28,SKU051,3
2026-07-29,SKU051,4
2026-07-30,SKU051,1
2026-07-31,SKU051,4
2026-08-01,SKU051,1
2026-08-02,SKU051,7
2026-08-03,SKU051,5
2026-08-04,SKU051,2
2026-08-05,SKU051,1
2026-08-06,SKU051,0
2026-08-07,SKU051,0
2026-08-08,SKU051,2
2026-08-09,SKU051,3
2026-08-10,SKU051,1
2026-08-11,SKU051,1
2026-08-12,SKU051,1
2026-08-13,SKU051,0
2026-08-14,SKU051,1
2026-08-15,SKU051,1
2026-08-16,SKU051,2
2026-08-17,SKU051,4
2026-08-18,SKU051,4
2026-08-19,SKU051,3
2026-08-20,SKU051,2
2026-08-21,SKU051,4
2026-08-22,SKU051,1
2026-08-23,SKU051,1
2026-08-24,SKU051,3
2026-08-25,SKU051,3
2026-08-26,SKU051,2
2026-08-27,SKU051,2
2026-08-28,SKU051,4
2026-08-29,SKU051,1
2026-08-30,SKU051,2
2026-08-31,SKU051,1
2026-09-01,SKU051,2
2026-09-02,SKU051,3
2026-09-03,SKU051,1
2026-09-04,SKU051,4
2026-09-05,SKU051,3
2026-09-06,SKU051,1
2026-09-07,SKU051,3
2026-09-08,SKU051,2
2026-09-09,SKU051,2
2026-09-10,SKU051,2
2026-09-11,SKU051,1
2026-09-12,SKU051,5
2026-09-13,SKU051,2
2026-09-14,SKU051,1
2026-09-15,SKU051,1
2026-09-16,SKU051,0
2026-09-17,SKU051,3
2026-09-18,SKU051,2
2026-09-19,SKU051,2
2026-09-20,SKU051,4
2026-09-21,SKU051,1
2026-09-22,SKU051,0
2026-09-23,SKU051,1
2026-09-24,SKU051,1
2026-09-25,SKU051,4
2026-09-26,SKU051,3
2026-09-27,SKU051,9
2026-09-28,SKU051,1
2026-09-29,SKU051,1
2026-09-30,SKU051,1
2026-10-01,SKU051,1
2026-10-02,SKU051,4
2026-10-03,SKU051,4
2026-07-06,SKU052,0
2026-07-07,SKU052,0
2026-07-08,SKU052,2
2026-07-09,SKU052,2
2026-07-10,SKU052,1
2026-07-11,SKU052,3
2026-07-12,SKU052,3
2026-07-13,SKU052,2
2026-07-14,SKU052,2
2026-07-15,SKU052,2
2026-07-16,SKU052,0
2026-07-17,SKU052,2
2026-07-18,SKU052,0
2026-07-19,SKU052,1
2026-07-20,SKU052,1
2026-07-21,SKU052,0
2026-07-22,SKU052,0
2026-07-23,SKU052,3
2026-07-24,SKU052,4
2026-07-25,SKU052,3
2026-07-26,SKU052,2
2026-07-27,SKU052,0
2026-07-28,SKU052,1
2026-07-29,SKU052,3
2026-07-30,SKU052,1
2026-07-31,SKU052,0
2026-08-01,SKU052,1
2026-08-02,SKU052,3
2026-08-03,SKU052,4
2026-08-04,SKU052,1
2026-08-05,SKU052,3
2026-08-06,SKU052,1
2026-08-07,SKU052,1
2026-08-08,SKU052,2
2026-08-09,SKU052,1
2026-08-10,SKU052,1
2026-08-11,SKU052,1
2026-08-12,SKU052,0
2026-08-13,SKU052,1
2026-08-14,SKU052,1
2026-08-15,SKU052,2
2026-08-16,SKU052,3
2026-08-17,SKU052,0
2026-08-18,SKU052,2
2026-08-19,SKU052,1
2026-08-20,SKU052,0
2026-08-21,SKU052,1
2026-08-22,SKU052,2
2026-08-23,SKU052,2
2026-08-24,SKU052,1
2026-08-25,SKU052,1
2026-08-26,SKU052,3
2026-08-27,SKU052,0
2026-08-28,SKU052,1
2026-08-29,SKU052,5
2026-08-30,SKU052,2
2026-08-31,SKU052,2
2026-09-01,SKU052,0
2026-09-02,SKU052,1
2026-09-03,SKU052,2
2026-09-04,SKU052,0
2026-09-05,SKU052,4
2026-09-06,SKU052,5
2026-09-07,SKU052,3
2026-09-08,SKU052,1
2026-09-09,SKU052,0
2026-09-10,SKU052,3
2026-09-11,SKU052,2
2026-09-12,SKU052,0
2026-09-13,SKU052,1
2026-09-14,SKU052,2
2026-09-15,SKU052,2
2026-09-16,SKU052,4
2026-09-17,SKU052,1
2026-09-18,SKU052,1
2026-09-19,SKU052,3
2026-09-20,SKU052,0
2026-09-21,SKU052,1
2026-09-22,SKU052,2
2026-09-23,SKU052,2
2026-09-24,SKU052,1
2026-09-25,SKU052,1
2026-09-26,SKU052,1
2026-09-27,SKU052,1
2026-09-28,SKU052,1
2026-09-29,SKU052,1
2026-09-30,SKU052,1
2026-10-01,SKU052,2
2026-10-02,SKU052,2
2026-10-03,SKU052,2
2026-07-06,SKU053,7
2026-07-07,SKU053,13
2026-07-08,SKU053,8
2026-07-09,SKU053,10
2026-07-10,SKU053,9
2026-07-11,SKU053,10
2026-07-12,SKU053,18
2026-07-13,SKU053,8
2026-07-14,SKU053,10
2026-07-15,SKU053,19
2026-07-16,SKU053,12
2026-07-17,SKU053,14
2026-07-18,SKU053,18
2026-07-19,SKU053,15
2026-07-20,SKU053,14
2026-07-21,SKU053,11
2026-07-22,SKU053,9
2026-07-23,SKU053,10
2026-07-24,SKU053,14
2026-07-25,SKU053,17
2026-07-26,SKU053,10
2026-07-27,SKU053,12
2026-07-28,SKU053,11
2026-07-29,SKU053,10
2026-07-30,SKU053,6
2026-07-31,SKU053,11
2026-08-01,SKU053,25
2026-08-02,SKU053,14
2026-08-03,SKU053,12
2026-08-04,SKU053,12
2026-08-05,SKU053,19
2026-08-06,SKU053,10
2026-08-07,SKU053,18
2026-08-08,SKU053,20
2026-08-09,SKU053,14
2026-08-10,SKU053,18
2026-08-11,SKU053,13
2026-08-12,SKU053,18
2026-08-13,SKU053,9
2026-08-14,SKU053,11
2026-08-15,SKU053,19
2026-08-16,SKU053,14
2026-08-17,SKU053,11
2026-08-18,SKU053,7
2026-08-19,SKU053,13
2026-08-20,SKU053,12
2026-08-21,SKU053,14
2026-08-22,SKU053,15
2026-08-23,SKU053,13
2026-08-24,SKU053,12
2026-08-25,SKU053,7
2026-08-26,SKU053,13
2026-08-27,SKU053,13
2026-08-28,SKU053,14
2026-08-29,SKU053,18
2026-08-30,SKU053,17
2026-08-31,SKU053,12
2026-09-01,SKU053,10
2026-09-02,SKU053,19
2026-09-03,SKU053,14
2026-09-04,SKU053,21
2026-09-05,SKU053,11
2026-09-06,SKU053,19
2026-09-07,SKU053,22
2026-09-08,SKU053,14
2026-09-09,SKU053,9
2026-09-10,SKU053,10
2026-09-11,SKU053,8
2026-09-12,SKU053,20
2026-09-13,SKU053,18
2026-09-14,SKU053,11
2026-09-15,SKU053,4
2026-09-16,SKU053,9
2026-09-17,SKU053,19
2026-09-18,SKU053,13
2026-09-19,SKU053,22
2026-09-20,SKU053,11
2026-09-21,SKU053,11
2026-09-22,SKU053,8
2026-09-23,SKU053,18
2026-09-24,SKU053,3
2026-09-25,SKU053,15
2026-09-26,SKU053,16
2026-09-27,SKU053,12
2026-09-28,SKU053,13
2026-09-29,SKU053,9
2026-09-30,SKU053,8
2026-10-01,SKU053,19
2026-10-02,SKU053,12
2026-10-03,SKU053,21
2026-07-06,SKU054,2
2026-07-07,SKU054,3
2026-07-08,SKU054,2
2026-07-09,SKU054,4
2026-07-10,SKU054,0
2026-07-11,SKU054,2
2026-07-12,SKU054,3
2026-07-13,SKU054,3
2026-07-14,SKU054,3
2026-07-15,SKU054,0
2026-07-16,SKU054,1
2026-07-17,SKU054,2
2026-07-18,SKU054,3
2026-07-19,SKU054,3
2026-07-20,SKU054,0
2026-07-21,SKU054,1
2026-07-22,SKU054,1
2026-07-23,SKU054,0
2026-07-24,SKU054,2
2026-07-25,SKU054,3
2026-07-26,SKU054,1
2026-07-27,SKU054,2
2026-07-28,SKU054,3
2026-07-29,SKU054,1
2026-07-30,SKU054,1
2026-07-31,SKU054,2
2026-08-01,SKU054,3
2026-08-02,SKU054,1
2026-08-03,SKU054,2
2026-08-04,SKU054,4
2026-08-05,SKU054,1
2026-08-06,SKU054,0
2026-08-07,SKU054,1
2026-08-08,SKU054,3
2026-08-09,SKU054,0
2026-08-10,SKU054,2
2026-08-11,SKU054,1
2026-08-12,SKU054,0
2026-08-13,SKU054,2
2026-08-14,SKU054,2
2026-08-15,SKU054,1
2026-08-16,SKU054,2
2026-08-17,SKU054,0
2026-08-18,SKU054,3
2026-08-19,SKU054,2
2026-08-20,SKU054,3
2026-08-21,SKU054,2
2026-08-22,SKU054,2
2026-08-23,SKU054,3
2026-08-24,SKU054,0
2026-08-25,SKU054,2
2026-08-26,SKU054,0
2026-08-27,SKU054,3
2026-08-28,SKU054,0
2026-08-29,SKU054,0
2026-08-30,SKU054,2
2026-08-31,SKU054,1
2026-09-01,SKU054,1
2026-09-02,SKU054,0
2026-09-03,SKU054,0
2026-09-04,SKU054,3
2026-09-05,SKU054,3
2026-09-06,SKU054,6
2026-09-07,SKU054,0
2026-09-08,SKU054,1
2026-09-09,SKU054,1
2026-09-10,SKU054,1
2026-09-11,SKU054,2
2026-09-12,SKU054,4
2026-09-13,SKU054,0
2026-09-14,SKU054,2
2026-09-15,SKU054,2
2026-09-16,SKU054,1
2026-09-17,SKU054,0
2026-09-18,SKU054,5
2026-09-19,SKU054,1
2026-09-20,SKU054,3
2026-09-21,SKU054,0
2026-09-22,SKU054,3
2026-09-23,SKU054,2
2026-09-24,SKU054,1
2026-09-25,SKU054,0
2026-09-26,SKU054,2
2026-09-27,SKU054,1
2026-09-28,SKU054,2
2026-09-29,SKU054,3
2026-09-30,SKU054,1
2026-10-01,SKU054,0
2026-10-02,SKU054,0
2026-10-03,SKU054,0
2026-07-06,SKU055,4
2026-07-07,SKU055,1
2026-07-08,SKU055,3
2026-07-09,SKU055,3
2026-07-10,SKU055,2
2026-07-11,SKU055,1
2026-07-12,SKU055,1
2026-07-13,SKU055,1
2026-07-14,SKU055,2
2026-07-15,SKU055,0
2026-07-16,SKU055,2
2026-07-17,SKU055,1
2026-07-18,SKU055,1
2026-07-19,SKU055,5
2026-07-20,SKU055,1
2026-07-21,SKU055,1
2026-07-22,SKU055,0
2026-07-23,SKU055,1
2026-07-24,SKU055,0
2026-07-25,SKU055,2
2026-07-26,SKU055,2
2026-07-27,SKU055,1
2026-07-28,SKU055,2
2026-07-29,SKU055,0
2026-07-30,SKU055,1
2026-07-31,SKU055,2
2026-08-01,SKU055,2
2026-08-02,SKU055,2
2026-08-03,SKU055,0
2026-08-04,SKU055,0
2026-08-05,SKU055,3
2026-08-06,SKU055,1
2026-08-07,SKU055,3
2026-08-08,SKU055,2
2026-08-09,SKU055,2
2026-08-10,SKU055,1
2026-08-11,SKU055,4
2026-08-12,SKU055,1
2026-08-13,SKU055,1
2026-08-14,SKU055,3
2026-08-15,SKU055,3
2026-08-16,SKU055,2
2026-08-17,SKU055,1
2026-08-18,SKU055,2
2026-08-19,SKU055,3
2026-08-20,SKU055,0
2026-08-21,SKU055,1
2026-08-22,SKU055,0
2026-08-23,SKU055,0
2026-08-24,SKU055,2
2026-08-25,SKU055,3
2026-08-26,SKU055,1
2026-08-27,SKU055,1
2026-08-28,SKU055,1
2026-08-29,SKU055,1
2026-08-30,SKU055,2
2026-08-31,SKU055,2
2026-09-01,SKU055,1
2026-09-02,SKU055,1
2026-09-03,SKU055,2
2026-09-04,SKU055,2
2026-09-05,SKU055,4
2026-09-06,SKU055,3
2026-09-07,SKU055,0
2026-09-08,SKU055,3
2026-09-09,SKU055,5
2026-09-10,SKU055,1
2026-09-11,SKU055,0
2026-09-12,SKU055,1
2026-09-13,SKU055,1
2026-09-14,SKU055,6
2026-09-15,SKU055,1
2026-09-16,SKU055,0
2026-09-17,SKU055,1
2026-09-18,SKU055,1
2026-09-19,SKU055,2
2026-09-20,SKU055,1
2026-09-21,SKU055,1
2026-09-22,SKU055,0
2026-09-23,SKU055,0
2026-09-24,SKU055,5
2026-09-25,SKU055,0
2026-09-26,SKU055,1
2026-09-27,SKU055,2
2026-09-28,SKU055,1
2026-09-29,SKU055,0
2026-09-30,SKU055,2
2026-10-01,SKU055,0
2026-10-02,SKU055,0
2026-10-03,SKU055,0
2026-07-06,SKU056,0
2026-07-07,SKU056,0
2026-07-08,SKU056,4
2026-07-09,SKU056,5
2026-07-10,SKU056,0
2026-07-11,SKU056,0
2026-07-12,SKU056,1
2026-07-13,SKU056,0
2026-07-14,SKU056,0
2026-07-15,SKU056,2
2026-07-16,SKU056,0
2026-07-17,SKU056,1
2026-07-18,SKU056,2
2026-07-19,SKU056,1
2026-07-20,SKU056,3
2026-07-21,SKU056,3
2026-07-22,SKU056,1
2026-07-23,SKU056,0
2026-07-24,SKU056,2
2026-07-25,SKU056,6
2026-07-26,SKU056,0
2026-07-27,SKU056,1
2026-07-28,SKU056,1
2026-07-29,SKU056,0
2026-07-30,SKU056,0
2026-07-31,SKU056,1
2026-08-01,SKU056,1
2026-08-02,SKU056,1
2026-08-03,SKU056,1
2026-08-04,SKU056,0
2026-08-05,SKU056,1
2026-08-06,SKU056,2
2026-08-07,SKU056,2
2026-08-08,SKU056,1
2026-08-09,SKU056,3
2026-08-10,SKU056,1
2026-08-11,SKU056,2
2026-08-12,SKU056,3
2026-08-13,SKU056,3
2026-08-14,SKU056,1
2026-08-15,SKU056,0
2026-08-16,SKU056,1
2026-08-17,SKU056,2
2026-08-18,SKU056,2
2026-08-19,SKU056,1
2026-08-20,SKU056,2
2026-08-21,SKU056,1
2026-08-22,SKU056,1
2026-08-23,SKU056,3
2026-08-24,SKU056,2
2026-08-25,SKU056,1
2026-08-26,SKU056,0
2026-08-27,SKU056,1
2026-08-28,SKU056,0
2026-08-29,SKU056,2
2026-08-30,SKU056,0
2026-08-31,SKU056,2
2026-09-01,SKU056,3
2026-09-02,SKU056,0
2026-09-03,SKU056,1
2026-09-04,SKU056,2
2026-09-05,SKU056,1
2026-09-06,SKU056,3
2026-09-07,SKU056,2
2026-09-08,SKU056,1
2026-09-09,SKU056,0
2026-09-10,SKU056,2
2026-09-11,SKU056,1
2026-09-12,SKU056,0
2026-09-13,SKU056,1
2026-09-14,SKU056,1
2026-09-15,SKU056,2
2026-09-16,SKU056,2
2026-09-17,SKU056,2
2026-09-18,SKU056,1
2026-09-19,SKU056,3
2026-09-20,SKU056,1
2026-09-21,SKU056,1
2026-09-22,SKU056,3
2026-09-23,SKU056,0
2026-09-24,SKU056,2
2026-09-25,SKU056,2
2026-09-26,SKU056,1
2026-09-27,SKU056,1
2026-09-28,SKU056,1
2026-09-29,SKU056,2
2026-09-30,SKU056,1
2026-10-01,SKU056,0
2026-10-02,SKU056,1
2026-10-03,SKU056,2
2026-07-06,SKU057,4
2026-07-07,SKU057,0
2026-07-08,SKU057,2
2026-07-09,SKU057,2
2026-07-10,SKU057,2
2026-07-11,SKU057,0
2026-07-12,SKU057,4
2026-07-13,SKU057,3
2026-07-14,SKU057,1
2026-07-15,SKU057,3
2026-07-16,SKU057,3
2026-07-17,SKU057,2
2026-07-18,SKU057,2
2026-07-19,SKU057,3
2026-07-20,SKU057,0
2026-07-21,SKU057,1
2026-07-22,SKU057,0
2026-07-23,SKU057,1
2026-07-24,SKU057,2
2026-07-25,SKU057,5
2026-07-26,SKU057,0
2026-07-27,SKU057,1
2026-07-28,SKU057,3
2026-07-29,SKU057,1
2026-07-30,SKU057,2
2026-07-31,SKU057,2
2026-08-01,SKU057,2
2026-08-02,SKU057,2
2026-08-03,SKU057,2
2026-08-04,SKU057,0
2026-08-05,SKU057,2
2026-08-06,SKU057,2
2026-08-07,SKU057,1
2026-08-08,SKU057,2
2026-08-09,SKU057,1
2026-08-10,SKU057,1
2026-08-11,SKU057,3
2026-08-12,SKU057,3
2026-08-13,SKU057,2
2026-08-14,SKU057,5
2026-08-15,SKU057,1
2026-08-16,SKU057,3
2026-08-17,SKU057,0
2026-08-18,SKU057,0
2026-08-19,SKU057,0
2026-08-20,SKU057,0
2026-08-21,SKU057,2
2026-08-22,SKU057,2
2026-08-23,SKU057,1
2026-08-24,SKU057,1
2026-08-25,SKU057,0
2026-08-26,SKU057,0
2026-08-27,SKU057,1
2026-08-28,SKU057,1
2026-08-29,SKU057,0
2026-08-30,SKU057,2
2026-08-31,SKU057,1
2026-09-01,SKU057,1
2026-09-02,SKU057,2
2026-09-03,SKU057,1
2026-09-04,SKU057,3
2026-09-05,SKU057,2
2026-09-06,SKU057,0
2026-09-07,SKU057,1
2026-09-08,SKU057,4
2026-09-09,SKU057,1
2026-09-10,SKU057,3
2026-09-11,SKU057,4
2026-09-12,SKU057,4
2026-09-13,SKU057,4
2026-09-14,SKU057,0
2026-09-15,SKU057,2
2026-09-16,SKU057,1
2026-09-17,SKU057,3
2026-09-18,SKU057,0
2026-09-19,SKU057,2
2026-09-20,SKU057,1
2026-09-21,SKU057,3
2026-09-22,SKU057,1
2026-09-23,SKU057,3
2026-09-24,SKU057,2
2026-09-25,SKU057,1
2026-09-26,SKU057,4
2026-09-27,SKU057,3
2026-09-28,SKU057,0
2026-09-29,SKU057,3
2026-09-30,SKU057,1
2026-10-01,SKU057,1
2026-10-02,SKU057,1
2026-10-03,SKU057,3
2026-07-06,SKU058,35
2026-07-07,SKU058,31
2026-07-08,SKU058,44
2026-07-09,SKU058,33
2026-07-10,SKU058,33
2026-07-11,SKU058,44
2026-07-12,SKU058,47
2026-07-13,SKU058,36
2026-07-14,SKU058,33
2026-07-15,SKU058,33
2026-07-16,SKU058,17
2026-07-17,SKU058,36
2026-07-18,SKU058,43
2026-07-19,SKU058,35
2026-07-20,SKU058,30
2026-07-21,SKU058,32
2026-07-22,SKU058,32
2026-07-23,SKU058,22
2026-07-24,SKU058,25
2026-07-25,SKU058,33
2026-07-26,SKU058,37
2026-07-27,SKU058,28
2026-07-28,SKU058,31
2026-07-29,SKU058,27
2026-07-30,SKU058,37
2026-07-31,SKU058,36
2026-08-01,SKU058,42
2026-08-02,SKU058,34
2026-08-03,SKU058,41
2026-08-04,SKU058,44
2026-08-05,SKU058,33
2026-08-06,SKU058,43
2026-08-07,SKU058,30
2026-08-08,SKU058,33
2026-08-09,SKU058,34
2026-08-10,SKU058,24
2026-08-11,SKU058,27
2026-08-12,SKU058,38
2026-08-13,SKU058,30
2026-08-14,SKU058,34
2026-08-15,SKU058,35
2026-08-16,SKU058,38
2026-08-17,SKU058,33
2026-08-18,SKU058,30
2026-08-19,SKU058,41
2026-08-20,SKU058,29
2026-08-21,SKU058,28
2026-08-22,SKU058,40
2026-08-23,SKU058,39
2026-08-24,SKU058,30
2026-08-25,SKU058,30
2026-08-26,SKU058,27
2026-08-27,SKU058,31
2026-08-28,SKU058,31
2026-08-29,SKU058,37
2026-08-30,SKU058,36
2026-08-31,SKU058,27
2026-09-01,SKU058,43
2026-09-02,SKU058,32
2026-09-03,SKU058,29
2026-09-04,SKU058,33
2026-09-05,SKU058,46
2026-09-06,SKU058,41
2026-09-07,SKU058,28
2026-09-08,SKU058,25
2026-09-09,SKU058,30
2026-09-10,SKU058,43
2026-09-11,SKU058,33
2026-09-12,SKU058,43
2026-09-13,SKU058,34
2026-09-14,SKU058,29
2026-09-15,SKU058,36
2026-09-16,SKU058,39
2026-09-17,SKU058,26
2026-09-18,SKU058,28
2026-09-19,SKU058,32
2026-09-20,SKU058,35
2026-09-21,SKU058,26
2026-09-22,SKU058,29
2026-09-23,SKU058,29
2026-09-24,SKU058,34
2026-09-25,SKU058,25
2026-09-26,SKU058,40
2026-09-27,SKU058,36
2026-09-28,SKU058,29
2026-09-29,SKU058,26
2026-09-30,SKU058,36
2026-10-01,SKU058,30
2026-10-02,SKU058,32
2026-10-03,SKU058,41
2026-07-06,SKU059,24
2026-07-07,SKU059,24
2026-07-08,SKU059,20
2026-07-09,SKU059,18
2026-07-10,SKU059,15
2026-07-11,SKU059,20
2026-07-12,SKU059,32
2026-07-13,SKU059,8
2026-07-14,SKU059,23
2026-07-15,SKU059,9
2026-07-16,SKU059,16
2026-07-17,SKU059,12
2026-07-18,SKU059,18
2026-07-19,SKU059,21
2026-07-20,SKU059,21
2026-07-21,SKU059,21
2026-07-22,SKU059,20
2026-07-23,SKU059,19
2026-07-24,SKU059,17
2026-07-25,SKU059,20
2026-07-26,SKU059,24
2026-07-27,SKU059,12
2026-07-28,SKU059,16
2026-07-29,SKU059,16
2026-07-30,SKU059,11
2026-07-31,SKU059,14
2026-08-01,SKU059,28
2026-08-02,SKU059,24
2026-08-03,SKU059,21
2026-08-04,SKU059,18
2026-08-05,SKU059,17
2026-08-06,SKU059,20
2026-08-07,SKU059,17
2026-08-08,SKU059,19
2026-08-09,SKU059,19
2026-08-10,SKU059,19
2026-08-11,SKU059,26
2026-08-12,SKU059,19
2026-08-13,SKU059,15
2026-08-14,SKU059,19
2026-08-15,SKU059,22
2026-08-16,SKU059,38
2026-08-17,SKU059,22
2026-08-18,SKU059,13
2026-08-19,SKU059,22
2026-08-20,SKU059,23
2026-08-21,SKU059,25
2026-08-22,SKU059,27
2026-08-23,SKU059,22
2026-08-24,SKU059,9
2026-08-25,SKU059,23
2026-08-26,SKU059,27
2026-08-27,SKU059,21
2026-08-28,SKU059,16
2026-08-29,SKU059,26
2026-08-30,SKU059,19
2026-08-31,SKU059,19
2026-09-01,SKU059,20
2026-09-02,SKU059,25
2026-09-03,SKU059,13
2026-09-04,SKU059,26
2026-09-05,SKU059,23
2026-09-06,SKU059,20
2026-09-07,SKU059,20
2026-09-08,SKU059,23
2026-09-09,SKU059,22
2026-09-10,SKU059,22
2026-09-11,SKU059,19
2026-09-12,SKU059,30
2026-09-13,SKU059,16
2026-09-14,SKU059,30
2026-09-15,SKU059,14
2026-09-16,SKU059,18
2026-09-17,SKU059,15
2026-09-18,SKU059,16
2026-09-19,SKU059,25
2026-09-20,SKU059,20
2026-09-21,SKU059,28
2026-09-22,SKU059,32
2026-09-23,SKU059,16
2026-09-24,SKU059,16
2026-09-25,SKU059,14
2026-09-26,SKU059,18
2026-09-27,SKU059,22
2026-09-28,SKU059,19
2026-09-29,SKU059,14
2026-09-30,SKU059,19
2026-10-01,SKU059,19
2026-10-02,SKU059,20
2026-10-03,SKU059,22
2026-07-06,SKU060,3
2026-07-07,SKU060,6
2026-07-08,SKU060,12
2026-07-09,SKU060,4
2026-07-10,SKU060,5
2026-07-11,SKU060,8
2026-07-12,SKU060,6
2026-07-13,SKU060,5
2026-07-14,SKU060,1
2026-07-15,SKU060,5
2026-07-16,SKU060,6
2026-07-17,SKU060,4
2026-07-18,SKU060,3
2026-07-19,SKU060,2
2026-07-20,SKU060,5
2026-07-21,SKU060,3
2026-07-22,SKU060,3
2026-07-23,SKU060,5
2026-07-24,SKU060,3
2026-07-25,SKU060,10
2026-07-26,SKU060,4
2026-07-27,SKU060,6
2026-07-28,SKU060,2
2026-07-29,SKU060,2
2026-07-30,SKU060,6
2026-07-31,SKU060,3
2026-08-01,SKU060,9
2026-08-02,SKU060,0
2026-08-03,SKU060,2
2026-08-04,SKU060,7
2026-08-05,SKU060,3
2026-08-06,SKU060,4
2026-08-07,SKU060,4
2026-08-08,SKU060,5
2026-08-09,SKU060,7
2026-08-10,SKU060,4
2026-08-11,SKU060,3
2026-08-12,SKU060,6
2026-08-13,SKU060,4
2026-08-14,SKU060,1
2026-08-15,SKU060,4
2026-08-16,SKU060,7
2026-08-17,SKU060,3
2026-08-18,SKU060,7
2026-08-19,SKU060,6
2026-08-20,SKU060,6
2026-08-21,SKU060,4
2026-08-22,SKU060,3
2026-08-23,SKU060,7
2026-08-24,SKU060,2
2026-08-25,SKU060,10
2026-08-26,SKU060,2
2026-08-27,SKU060,1
2026-08-28,SKU060,1
2026-08-29,SKU060,5
2026-08-30,SKU060,8
2026-08-31,SKU060,5
2026-09-01,SKU060,3
2026-09-02,SKU060,2
2026-09-03,SKU060,6
2026-09-04,SKU060,8
2026-09-05,SKU060,11
2026-09-06,SKU060,4
2026-09-07,SKU060,3
2026-09-08,SKU060,3
2026-09-09,SKU060,7
2026-09-10,SKU060,3
2026-09-11,SKU060,6
2026-09-12,SKU060,8
2026-09-13,SKU060,6
2026-09-14,SKU060,3
2026-09-15,SKU060,5
2026-09-16,SKU060,3
2026-09-17,SKU060,3
2026-09-18,SKU060,4
2026-09-19,SKU060,8
2026-09-20,SKU060,6
2026-09-21,SKU060,7
2026-09-22,SKU060,1
2026-09-23,SKU060,1
2026-09-24,SKU060,4
2026-09-25,SKU060,4
2026-09-26,SKU060,3
2026-09-27,SKU060,6
2026-09-28,SKU060,4
2026-09-29,SKU060,4
2026-09-30,SKU060,6
2026-10-01,SKU060,7
2026-10-02,SKU060,6
2026-10-03,SKU060,5
2026-07-06,SKU061,1
2026-07-07,SKU061,1
2026-07-08,SKU061,0
2026-07-09,SKU061,0
2026-07-10,SKU061,1
2026-07-11,SKU061,0
2026-07-12,SKU061,1
2026-07-13,SKU061,1
2026-07-14,SKU061,1
2026-07-15,SKU061,1
2026-07-16,SKU061,2
2026-07-17,SKU061,0
2026-07-18,SKU061,3
2026-07-19,SKU061,4
2026-07-20,SKU061,1
2026-07-21,SKU061,0
2026-07-22,SKU061,2
2026-07-23,SKU061,1
2026-07-24,SKU061,0
2026-07-25,SKU061,2
2026-07-26,SKU061,0
2026-07-27,SKU061,1
2026-07-28,SKU061,1
2026-07-29,SKU061,1
2026-07-30,SKU061,0
2026-07-31,SKU061,1
2026-08-01,SKU061,2
2026-08-02,SKU061,0
2026-08-03,SKU061,1
2026-08-04,SKU061,2
2026-08-05,SKU061,1
2026-08-06,SKU061,1
2026-08-07,SKU061,1
2026-08-08,SKU061,1
2026-08-09,SKU061,1
2026-08-10,SKU061,1
2026-08-11,SKU061,1
2026-08-12,SKU061,0
2026-08-13,SKU061,0
2026-08-14,SKU061,0
2026-08-15,SKU061,1
2026-08-16,SKU061,0
2026-08-17,SKU061,0
2026-08-18,SKU061,0
2026-08-19,SKU061,0
2026-08-20,SKU061,0
2026-08-21,SKU061,1
2026-08-22,SKU061,1
2026-08-23,SKU061,2
2026-08-24,SKU061,0
2026-08-25,SKU061,0
2026-08-26,SKU061,1
2026-08-27,SKU061,1
2026-08-28,SKU061,0
2026-08-29,SKU061,0
2026-08-30,SKU061,0
2026-08-31,SKU061,0
2026-09-01,SKU061,0
2026-09-02,SKU061,1
2026-09-03,SKU061,3
2026-09-04,SKU061,1
2026-09-05,SKU061,2
2026-09-06,SKU061,1
2026-09-07,SKU061,1
2026-09-08,SKU061,0
2026-09-09,SKU061,2
2026-09-10,SKU061,2
2026-09-11,SKU061,1
2026-09-12,SKU061,0
2026-09-13,SKU061,1
2026-09-14,SKU061,1
2026-09-15,SKU061,0
2026-09-16,SKU061,0
2026-09-17,SKU061,2
2026-09-18,SKU061,0
2026-09-19,SKU061,1
2026-09-20,SKU061,2
2026-09-21,SKU061,0
2026-09-22,SKU061,1
2026-09-23,SKU061,0
2026-09-24,SKU061,1
2026-09-25,SKU061,0
2026-09-26,SKU061,0
2026-09-27,SKU061,1
2026-09-28,SKU061,1
2026-09-29,SKU061,1
2026-09-30,SKU061,0
2026-10-01,SKU061,0
2026-10-02,SKU061,0
2026-10-03,SKU061,1
2026-07-06,SKU062,6
2026-07-07,SKU062,3
2026-07-08,SKU062,7
2026-07-09,SKU062,1
2026-07-10,SKU062,8
2026-07-11,SKU062,5
2026-07-12,SKU062,11
2026-07-13,SKU062,5
2026-07-14,SKU062,10
2026-07-15,SKU062,5
2026-07-16,SKU062,4
2026-07-17,SKU062,6
2026-07-18,SKU062,8
2026-07-19,SKU062,12
2026-07-20,SKU062,3
2026-07-21,SKU062,4
2026-07-22,SKU062,5
2026-07-23,SKU062,12
2026-07-24,SKU062,7
2026-07-25,SKU062,2
2026-07-26,SKU062,8
2026-07-27,SKU062,6
2026-07-28,SKU062,5
2026-07-29,SKU062,9
2026-07-30,SKU062,3
2026-07-31,SKU062,6
2026-08-01,SKU062,4
2026-08-02,SKU062,8
2026-08-03,SKU062,4
2026-08-04,SKU062,4
2026-08-05,SKU062,6
2026-08-06,SKU062,5
2026-08-07,SKU062,8
2026-08-08,SKU062,5
2026-08-09,SKU062,6
2026-08-10,SKU062,4
2026-08-11,SKU062,8
2026-08-12,SKU062,3
2026-08-13,SKU062,6
2026-08-14,SKU062,3
2026-08-15,SKU062,9
2026-08-16,SKU062,6
2026-08-17,SKU062,6
2026-08-18,SKU062,6
2026-08-19,SKU062,5
2026-08-20,SKU062,8
2026-08-21,SKU062,5
2026-08-22,SKU062,3
2026-08-23,SKU062,5
2026-08-24,SKU062,1
2026-08-25,SKU062,2
2026-08-26,SKU062,3
2026-08-27,SKU062,8
2026-08-28,SKU062,5
2026-08-29,SKU062,7
2026-08-30,SKU062,2
2026-08-31,SKU062,4
2026-09-01,SKU062,8
2026-09-02,SKU062,6
2026-09-03,SKU062,6
2026-09-04,SKU062,5
2026-09-05,SKU062,4
2026-09-06,SKU062,10
2026-09-07,SKU062,5
2026-09-08,SKU062,1
2026-09-09,SKU062,10
2026-09-10,SKU062,3
2026-09-11,SKU062,5
2026-09-12,SKU062,6
2026-09-13,SKU062,5
2026-09-14,SKU062,6
2026-09-15,SKU062,4
2026-09-16,SKU062,5
2026-09-17,SKU062,6
2026-09-18,SKU062,3
2026-09-19,SKU062,3
2026-09-20,SKU062,7
2026-09-21,SKU062,7
2026-09-22,SKU062,7
2026-09-23,SKU062,5
2026-09-24,SKU062,6
2026-09-25,SKU062,4
2026-09-26,SKU062,3
2026-09-27,SKU062,8
2026-09-28,SKU062,2
2026-09-29,SKU062,3
2026-09-30,SKU062,5
2026-10-01,SKU062,7
2026-10-02,SKU062,8
2026-10-03,SKU062,6
2026-07-06,SKU063,3
2026-07-07,SKU063,1
2026-07-08,SKU063,1
2026-07-09,SKU063,4
2026-07-10,SKU063,3
2026-07-11,SKU063,3
2026-07-12,SKU063,0
2026-07-13,SKU063,4
2026-07-14,SKU063,3
2026-07-15,SKU063,4
2026-07-16,SKU063,5
2026-07-17,SKU063,0
2026-07-18,SKU063,3
2026-07-19,SKU063,6
2026-07-20,SKU063,2
2026-07-21,SKU063,4
2026-07-22,SKU063,2
2026-07-23,SKU063,2
2026-07-24,SKU063,2
2026-07-25,SKU063,1
2026-07-26,SKU063,2
2026-07-27,SKU063,3
2026-07-28,SKU063,0
2026-07-29,SKU063,3
2026-07-30,SKU063,2
2026-07-31,SKU063,2
2026-08-01,SKU063,3
2026-08-02,SKU063,2
2026-08-03,SKU063,4
2026-08-04,SKU063,3
2026-08-05,SKU063,1
2026-08-06,SKU063,4
2026-08-07,SKU063,2
2026-08-08,SKU063,6
2026-08-09,SKU063,0
2026-08-10,SKU063,2
2026-08-11,SKU063,2
2026-08-12,SKU063,2
2026-08-13,SKU063,4
2026-08-14,SKU063,3
2026-08-15,SKU063,6
2026-08-16,SKU063,5
2026-08-17,SKU063,2
2026-08-18,SKU063,2
2026-08-19,SKU063,4
2026-08-20,SKU063,2
2026-08-21,SKU063,2
2026-08-22,SKU063,2
2026-08-23,SKU063,5
2026-08-24,SKU063,1
2026-08-25,SKU063,5
2026-08-26,SKU063,3
2026-08-27,SKU063,4
2026-08-28,SKU063,1
2026-08-29,SKU063,4
2026-08-30,SKU063,5
2026-08-31,SKU063,4
2026-09-01,SKU063,5
2026-09-02,SKU063,5
2026-09-03,SKU063,3
2026-09-04,SKU063,1
2026-09-05,SKU063,4
2026-09-06,SKU063,1
2026-09-07,SKU063,4
2026-09-08,SKU063,2
2026-09-09,SKU063,0
2026-09-10,SKU063,4
2026-09-11,SKU063,1
2026-09-12,SKU063,2
2026-09-13,SKU063,3
2026-09-14,SKU063,2
2026-09-15,SKU063,1
2026-09-16,SKU063,5
2026-09-17,SKU063,2
2026-09-18,SKU063,1
2026-09-19,SKU063,1
2026-09-20,SKU063,8
2026-09-21,SKU063,0
2026-09-22,SKU063,2
2026-09-23,SKU063,2
2026-09-24,SKU063,3
2026-09-25,SKU063,4
2026-09-26,SKU063,5
2026-09-27,SKU063,4
2026-09-28,SKU063,3
2026-09-29,SKU063,4
2026-09-30,SKU063,3
2026-10-01,SKU063,5
2026-10-02,SKU063,4
2026-10-03,SKU063,6
2026-07-06,SKU064,4
2026-07-07,SKU064,9
2026-07-08,SKU064,6
2026-07-09,SKU064,5
2026-07-10,SKU064,4
2026-07-11,SKU064,6
2026-07-12,SKU064,7
2026-07-13,SKU064,4
2026-07-14,SKU064,1
2026-07-15,SKU064,7
2026-07-16,SKU064,3
2026-07-17,SKU064,2
2026-07-18,SKU064,8
2026-07-19,SKU064,2
2026-07-20,SKU064,5
2026-07-21,SKU064,5
2026-07-22,SKU064,8
2026-07-23,SKU064,7
2026-07-24,SKU064,3
2026-07-25,SKU064,4
2026-07-26,SKU064,6
2026-07-27,SKU064,8
2026-07-28,SKU064,2
2026-07-29,SKU064,8
2026-07-30,SKU064,2
2026-07-31,SKU064,15
2026-08-01,SKU064,6
2026-08-02,SKU064,11
2026-08-03,SKU064,11
2026-08-04,SKU064,5
2026-08-05,SKU064,3
2026-08-06,SKU064,4
2026-08-07,SKU064,6
2026-08-08,SKU064,1
2026-08-09,SKU064,5
2026-08-10,SKU064,4
2026-08-11,SKU064,6
2026-08-12,SKU064,8
2026-08-13,SKU064,7
2026-08-14,SKU064,6
2026-08-15,SKU064,3
2026-08-16,SKU064,7
2026-08-17,SKU064,4
2026-08-18,SKU064,2
2026-08-19,SKU064,3
2026-08-20,SKU064,7
2026-08-21,SKU064,3
2026-08-22,SKU064,7
2026-08-23,SKU064,9
2026-08-24,SKU064,1
2026-08-25,SKU064,5
2026-08-26,SKU064,6
2026-08-27,SKU064,5
2026-08-28,SKU064,4
2026-08-29,SKU064,3
2026-08-30,SKU064,10
2026-08-31,SKU064,7
2026-09-01,SKU064,5
2026-09-02,SKU064,5
2026-09-03,SKU064,5
2026-09-04,SKU064,4
2026-09-05,SKU064,7
2026-09-06,SKU064,10
2026-09-07,SKU064,4
2026-09-08,SKU064,8
2026-09-09,SKU064,5
2026-09-10,SKU064,4
2026-09-11,SKU064,7
2026-09-12,SKU064,12
2026-09-13,SKU064,7
2026-09-14,SKU064,6
2026-09-15,SKU064,3
2026-09-16,SKU064,3
2026-09-17,SKU064,5
2026-09-18,SKU064,2
2026-09-19,SKU064,9
2026-09-20,SKU064,4
2026-09-21,SKU064,8
2026-09-22,SKU064,2
2026-09-23,SKU064,5
2026-09-24,SKU064,8
2026-09-25,SKU064,6
2026-09-26,SKU064,8
2026-09-27,SKU064,11
2026-09-28,SKU064,4
2026-09-29,SKU064,1
2026-09-30,SKU064,7
2026-10-01,SKU064,6
2026-10-02,SKU064,4
2026-10-03,SKU064,10
2026-07-06,SKU065,1
2026-07-07,SKU065,0
2026-07-08,SKU065,1
2026-07-09,SKU065,2
2026-07-10,SKU065,0
2026-07-11,SKU065,2
2026-07-12,SKU065,4
2026-07-13,SKU065,1
2026-07-14,SKU065,3
2026-07-15,SKU065,4
2026-07-16,SKU065,1
2026-07-17,SKU065,0
2026-07-18,SKU065,2
2026-07-19,SKU065,1
2026-07-20,SKU065,2
2026-07-21,SKU065,1
2026-07-22,SKU065,0
2026-07-23,SKU065,2
2026-07-24,SKU065,0
2026-07-25,SKU065,0
2026-07-26,SKU065,1
2026-07-27,SKU065,0
2026-07-28,SKU065,0
2026-07-29,SKU065,1
2026-07-30,SKU065,0
2026-07-31,SKU065,2
2026-08-01,SKU065,3
2026-08-02,SKU065,1
2026-08-03,SKU065,1
2026-08-04,SKU065,0
2026-08-05,SKU065,0
2026-08-06,SKU065,0
2026-08-07,SKU065,0
2026-08-08,SKU065,1
2026-08-09,SKU065,2
2026-08-10,SKU065,0
2026-08-11,SKU065,2
2026-08-12,SKU065,0
2026-08-13,SKU065,2
2026-08-14,SKU065,3
2026-08-15,SKU065,1
2026-08-16,SKU065,1
2026-08-17,SKU065,4
2026-08-18,SKU065,0
2026-08-19,SKU065,1
2026-08-20,SKU065,0
2026-08-21,SKU065,1
2026-08-22,SKU065,0
2026-08-23,SKU065,3
2026-08-24,SKU065,2
2026-08-25,SKU065,3
2026-08-26,SKU065,1
2026-08-27,SKU065,0
2026-08-28,SKU065,0
2026-08-29,SKU065,1
2026-08-30,SKU065,2
2026-08-31,SKU065,2
2026-09-01,SKU065,5
2026-09-02,SKU065,1
2026-09-03,SKU065,1
2026-09-04,SKU065,1
2026-09-05,SKU065,3
2026-09-06,SKU065,0
2026-09-07,SKU065,0
2026-09-08,SKU065,1
2026-09-09,SKU065,1
2026-09-10,SKU065,0
2026-09-11,SKU065,2
2026-09-12,SKU065,0
2026-09-13,SKU065,2
2026-09-14,SKU065,3
2026-09-15,SKU065,2
2026-09-16,SKU065,1
2026-09-17,SKU065,1
2026-09-18,SKU065,1
2026-09-19,SKU065,0
2026-09-20,SKU065,0
2026-09-21,SKU065,0
2026-09-22,SKU065,0
2026-09-23,SKU065,0
2026-09-24,SKU065,1
2026-09-25,SKU065,2
2026-09-26,SKU065,1
2026-09-27,SKU065,1
2026-09-28,SKU065,2
2026-09-29,SKU065,1
2026-09-30,SKU065,2
2026-10-01,SKU065,3
2026-10-02,SKU065,2
2026-10-03,SKU065,2
2026-07-06,SKU066,1
2026-07-07,SKU066,1
2026-07-08,SKU066,0
2026-07-09,SKU066,2
2026-07-10,SKU066,3
2026-07-11,SKU066,1
2026-07-12,SKU066,2
2026-07-13,SKU066,1
2026-07-14,SKU066,0
2026-07-15,SKU066,1
2026-07-16,SKU066,1
2026-07-17,SKU066,2
2026-07-18,SKU066,2
2026-07-19,SKU066,2
2026-07-20,SKU066,1
2026-07-21,SKU066,0
2026-07-22,SKU066,0
2026-07-23,SKU066,2
2026-07-24,SKU066,0
2026-07-25,SKU066,0
2026-07-26,SKU066,1
2026-07-27,SKU066,0
2026-07-28,SKU066,0
2026-07-29,SKU066,1
2026-07-30,SKU066,1
2026-07-31,SKU066,1
2026-08-01,SKU066,1
2026-08-02,SKU066,0
2026-08-03,SKU066,1
2026-08-04,SKU066,1
2026-08-05,SKU066,0
2026-08-06,SKU066,1
2026-08-07,SKU066,0
2026-08-08,SKU066,1
2026-08-09,SKU066,1
2026-08-10,SKU066,2
2026-08-11,SKU066,1
2026-08-12,SKU066,1
2026-08-13,SKU066,4
2026-08-14,SKU066,2
2026-08-15,SKU066,1
2026-08-16,SKU066,1
2026-08-17,SKU066,2
2026-08-18,SKU066,0
2026-08-19,SKU066,1
2026-08-20,SKU066,1
2026-08-21,SKU066,1
2026-08-22,SKU066,1
2026-08-23,SKU066,3
2026-08-24,SKU066,0
2026-08-25,SKU066,2
2026-08-26,SKU066,1
2026-08-27,SKU066,0
2026-08-28,SKU066,3
2026-08-29,SKU066,2
2026-08-30,SKU066,1
2026-08-31,SKU066,0
2026-09-01,SKU066,2
2026-09-02,SKU066,0
2026-09-03,SKU066,1
2026-09-04,SKU066,0
2026-09-05,SKU066,0
2026-09-06,SKU066,1
2026-09-07,SKU066,1
2026-09-08,SKU066,0
2026-09-09,SKU066,1
2026-09-10,SKU066,1
2026-09-11,SKU066,0
2026-09-12,SKU066,1
2026-09-13,SKU066,1
2026-09-14,SKU066,0
2026-09-15,SKU066,1
2026-09-16,SKU066,2
2026-09-17,SKU066,1
2026-09-18,SKU066,3
2026-09-19,SKU066,3
2026-09-20,SKU066,2
2026-09-21,SKU066,3
2026-09-22,SKU066,1
2026-09-23,SKU066,0
2026-09-24,SKU066,2
2026-09-25,SKU066,1
2026-09-26,SKU066,2
2026-09-27,SKU066,1
2026-09-28,SKU066,0
2026-09-29,SKU066,1
2026-09-30,SKU066,0
2026-10-01,SKU066,0
2026-10-02,SKU066,2
2026-10-03,SKU066,0
2026-07-06,SKU067,0
2026-07-07,SKU067,0
2026-07-08,SKU067,2
2026-07-09,SKU067,0
2026-07-10,SKU067,2
2026-07-11,SKU067,2
2026-07-12,SKU067,3
2026-07-13,SKU067,0
2026-07-14,SKU067,2
2026-07-15,SKU067,1
2026-07-16,SKU067,3
2026-07-17,SKU067,2
2026-07-18,SKU067,1
2026-07-19,SKU067,2
2026-07-20,SKU067,0
2026-07-21,SKU067,1
2026-07-22,SKU067,1
2026-07-23,SKU067,2
2026-07-24,SKU067,1
2026-07-25,SKU067,1
2026-07-26,SKU067,1
2026-07-27,SKU067,5
2026-07-28,SKU067,0
2026-07-29,SKU067,2
2026-07-30,SKU067,0
2026-07-31,SKU067,2
2026-08-01,SKU067,3
2026-08-02,SKU067,3
2026-08-03,SKU067,0
2026-08-04,SKU067,0
2026-08-05,SKU067,0
2026-08-06,SKU067,0
2026-08-07,SKU067,6
2026-08-08,SKU067,0
2026-08-09,SKU067,0
2026-08-10,SKU067,1
2026-08-11,SKU067,1
2026-08-12,SKU067,3
2026-08-13,SKU067,1
2026-08-14,SKU067,2
2026-08-15,SKU067,5
2026-08-16,SKU067,2
2026-08-17,SKU067,3
2026-08-18,SKU067,0
2026-08-19,SKU067,2
2026-08-20,SKU067,2
2026-08-21,SKU067,3
2026-08-22,SKU067,1
2026-08-23,SKU067,4
2026-08-24,SKU067,1
2026-08-25,SKU067,0
2026-08-26,SKU067,4
2026-08-27,SKU067,0
2026-08-28,SKU067,0
2026-08-29,SKU067,2
2026-08-30,SKU067,3
2026-08-31,SKU067,1
2026-09-01,SKU067,2
2026-09-02,SKU067,2
2026-09-03,SKU067,2
2026-09-04,SKU067,2
2026-09-05,SKU067,2
2026-09-06,SKU067,2
2026-09-07,SKU067,0
2026-09-08,SKU067,3
2026-09-09,SKU067,3
2026-09-10,SKU067,1
2026-09-11,SKU067,0
2026-09-12,SKU067,1
2026-09-13,SKU067,0
2026-09-14,SKU067,2
2026-09-15,SKU067,2
2026-09-16,SKU067,2
2026-09-17,SKU067,2
2026-09-18,SKU067,0
2026-09-19,SKU067,3
2026-09-20,SKU067,0
2026-09-21,SKU067,2
2026-09-22,SKU067,2
2026-09-23,SKU067,1
2026-09-24,SKU067,1
2026-09-25,SKU067,1
2026-09-26,SKU067,3
2026-09-27,SKU067,1
2026-09-28,SKU067,3
2026-09-29,SKU067,1
2026-09-30,SKU067,0
2026-10-01,SKU067,0
2026-10-02,SKU067,2
2026-10-03,SKU067,1
2026-07-06,SKU068,1
2026-07-07,SKU068,2
2026-07-08,SKU068,2
2026-07-09,SKU068,3
2026-07-10,SKU068,1
2026-07-11,SKU068,1
2026-07-12,SKU068,2
2026-07-13,SKU068,3
2026-07-14,SKU068,3
2026-07-15,SKU068,2
2026-07-16,SKU068,2
2026-07-17,SKU068,2
2026-07-18,SKU068,1
2026-07-19,SKU068,3
2026-07-20,SKU068,0
2026-07-21,SKU068,3
2026-07-22,SKU068,2
2026-07-23,SKU068,3
2026-07-24,SKU068,0
2026-07-25,SKU068,3
2026-07-26,SKU068,3
2026-07-27,SKU068,1
2026-07-28,SKU068,1
2026-07-29,SKU068,1
2026-07-30,SKU068,3
2026-07-31,SKU068,1
2026-08-01,SKU068,1
2026-08-02,SKU068,4
2026-08-03,SKU068,5
2026-08-04,SKU068,0
2026-08-05,SKU068,2
2026-08-06,SKU068,2
2026-08-07,SKU068,3
2026-08-08,SKU068,1
2026-08-09,SKU068,3
2026-08-10,SKU068,2
2026-08-11,SKU068,0
2026-08-12,SKU068,2
2026-08-13,SKU068,1
2026-08-14,SKU068,0
2026-08-15,SKU068,2
2026-08-16,SKU068,1
2026-08-17,SKU068,2
2026-08-18,SKU068,3
2026-08-19,SKU068,1
2026-08-20,SKU068,1
2026-08-21,SKU068,1
2026-08-22,SKU068,6
2026-08-23,SKU068,2
2026-08-24,SKU068,0
2026-08-25,SKU068,2
2026-08-26,SKU068,1
2026-08-27,SKU068,2
2026-08-28,SKU068,3
2026-08-29,SKU068,4
2026-08-30,SKU068,2
2026-08-31,SKU068,0
2026-09-01,SKU068,1
2026-09-02,SKU068,0
2026-09-03,SKU068,3
2026-09-04,SKU068,0
2026-09-05,SKU068,5
2026-09-06,SKU068,3
2026-09-07,SKU068,2
2026-09-08,SKU068,1
2026-09-09,SKU068,3
2026-09-10,SKU068,2
2026-09-11,SKU068,0
2026-09-12,SKU068,2
2026-09-13,SKU068,0
2026-09-14,SKU068,3
2026-09-15,SKU068,0
2026-09-16,SKU068,0
2026-09-17,SKU068,2
2026-09-18,SKU068,1
2026-09-19,SKU068,3
2026-09-20,SKU068,1
2026-09-21,SKU068,2
2026-09-22,SKU068,2
2026-09-23,SKU068,1
2026-09-24,SKU068,1
2026-09-25,SKU068,3
2026-09-26,SKU068,5
2026-09-27,SKU068,2
2026-09-28,SKU068,2
2026-09-29,SKU068,2
2026-09-30,SKU068,2
2026-10-01,SKU068,1
2026-10-02,SKU068,2
2026-10-03,SKU068,1
2026-07-06,SKU069,1
2026-07-07,SKU069,1
2026-07-08,SKU069,4
2026-07-09,SKU069,1
2026-07-10,SKU069,0
2026-07-11,SKU069,1
2026-07-12,SKU069,1
2026-07-13,SKU069,1
2026-07-14,SKU069,0
2026-07-15,SKU069,0
2026-07-16,SKU069,1
2026-07-17,SKU069,0
2026-07-18,SKU069,3
2026-07-19,SKU069,3
2026-07-20,SKU069,0
2026-07-21,SKU069,0
2026-07-22,SKU069,1
2026-07-23,SKU069,1
2026-07-24,SKU069,1
2026-07-25,SKU069,1
2026-07-26,SKU069,2
2026-07-27,SKU069,4
2026-07-28,SKU069,4
2026-07-29,SKU069,0
2026-07-30,SKU069,3
2026-07-31,SKU069,1
2026-08-01,SKU069,1
2026-08-02,SKU069,2
2026-08-03,SKU069,2
2026-08-04,SKU069,3
2026-08-05,SKU069,1
2026-08-06,SKU069,0
2026-08-07,SKU069,2
2026-08-08,SKU069,2
2026-08-09,SKU069,1
2026-08-10,SKU069,1
2026-08-11,SKU069,1
2026-08-12,SKU069,2
2026-08-13,SKU069,1
2026-08-14,SKU069,3
2026-08-15,SKU069,1
2026-08-16,SKU069,0
2026-08-17,SKU069,0
2026-08-18,SKU069,0
2026-08-19,SKU069,1
2026-08-20,SKU069,2
2026-08-21,SKU069,0
2026-08-22,SKU069,1
2026-08-23,SKU069,1
2026-08-24,SKU069,2
2026-08-25,SKU069,1
2026-08-26,SKU069,1
2026-08-27,SKU069,1
2026-08-28,SKU069,1
2026-08-29,SKU069,2
2026-08-30,SKU069,2
2026-08-31,SKU069,1
2026-09-01,SKU069,1
2026-09-02,SKU069,2
2026-09-03,SKU069,2
2026-09-04,SKU069,2
2026-09-05,SKU069,3
2026-09-06,SKU069,3
2026-09-07,SKU069,0
2026-09-08,SKU069,0
2026-09-09,SKU069,2
2026-09-10,SKU069,1
2026-09-11,SKU069,3
2026-09-12,SKU069,1
2026-09-13,SKU069,1
2026-09-14,SKU069,2
2026-09-15,SKU069,0
2026-09-16,SKU069,2
2026-09-17,SKU069,1
2026-09-18,SKU069,2
2026-09-19,SKU069,1
2026-09-20,SKU069,1
2026-09-21,SKU069,1
2026-09-22,SKU069,1
2026-09-23,SKU069,1
2026-09-24,SKU069,2
2026-09-25,SKU069,2
2026-09-26,SKU069,4
2026-09-27,SKU069,2
2026-09-28,SKU069,0
2026-09-29,SKU069,0
2026-09-30,SKU069,0
2026-10-01,SKU069,2
2026-10-02,SKU069,3
2026-10-03,SKU069,1
2026-07-06,SKU070,1
2026-07-07,SKU070,0
2026-07-08,SKU070,1
2026-07-09,SKU070,0
2026-07-10,SKU070,0
2026-07-11,SKU070,0
2026-07-12,SKU070,0
2026-07-13,SKU070,0
2026-07-14,SKU070,0
2026-07-15,SKU070,0
2026-07-16,SKU070,2
2026-07-17,SKU070,1
2026-07-18,SKU070,2
2026-07-19,SKU070,1
2026-07-20,SKU070,0
2026-07-21,SKU070,0
2026-07-22,SKU070,0
2026-07-23,SKU070,1
2026-07-24,SKU070,0
2026-07-25,SKU070,1
2026-07-26,SKU070,1
2026-07-27,SKU070,1
2026-07-28,SKU070,1
2026-07-29,SKU070,0
2026-07-30,SKU070,1
2026-07-31,SKU070,0
2026-08-01,SKU070,0
2026-08-02,SKU070,2
2026-08-03,SKU070,1
2026-08-04,SKU070,1
2026-08-05,SKU070,0
2026-08-06,SKU070,0
2026-08-07,SKU070,1
2026-08-08,SKU070,0
2026-08-09,SKU070,1
2026-08-10,SKU070,0
2026-08-11,SKU070,0
2026-08-12,SKU070,0
2026-08-13,SKU070,0
2026-08-14,SKU070,0
2026-08-15,SKU070,0
2026-08-16,SKU070,0
2026-08-17,SKU070,1
2026-08-18,SKU070,1
2026-08-19,SKU070,0
2026-08-20,SKU070,0
2026-08-21,SKU070,0
2026-08-22,SKU070,1
2026-08-23,SKU070,2
2026-08-24,SKU070,1
2026-08-25,SKU070,0
2026-08-26,SKU070,0
2026-08-27,SKU070,1
2026-08-28,SKU070,2
2026-08-29,SKU070,3
2026-08-30,SKU070,1
2026-08-31,SKU070,2
2026-09-01,SKU070,0
2026-09-02,SKU070,0
2026-09-03,SKU070,4
2026-09-04,SKU070,1
2026-09-05,SKU070,0
2026-09-06,SKU070,1
2026-09-07,SKU070,0
2026-09-08,SKU070,1
2026-09-09,SKU070,1
2026-09-10,SKU070,1
2026-09-11,SKU070,1
2026-09-12,SKU070,0
2026-09-13,SKU070,0
2026-09-14,SKU070,0
2026-09-15,SKU070,0
2026-09-16,SKU070,0
2026-09-17,SKU070,0
2026-09-18,SKU070,1
2026-09-19,SKU070,0
2026-09-20,SKU070,0
2026-09-21,SKU070,0
2026-09-22,SKU070,0
2026-09-23,SKU070,1
2026-09-24,SKU070,0
2026-09-25,SKU070,0
2026-09-26,SKU070,0
2026-09-27,SKU070,1
2026-09-28,SKU070,1
2026-09-29,SKU070,1
2026-09-30,SKU070,1
2026-10-01,SKU070,0
2026-10-02,SKU070,1
2026-10-03,SKU070,0
2026-07-06,SKU071,0
2026-07-07,SKU071,0
2026-07-08,SKU071,1
2026-07-09,SKU071,0
2026-07-10,SKU071,0
2026-07-11,SKU071,2
2026-07-12,SKU071,1
2026-07-13,SKU071,2
2026-07-14,SKU071,2
2026-07-15,SKU071,0
2026-07-16,SKU071,1
2026-07-17,SKU071,1
2026-07-18,SKU071,3
2026-07-19,SKU071,2
2026-07-20,SKU071,1
2026-07-21,SKU071,1
2026-07-22,SKU071,0
2026-07-23,SKU071,1
2026-07-24,SKU071,1
2026-07-25,SKU071,0
2026-07-26,SKU071,1
2026-07-27,SKU071,3
2026-07-28,SKU071,0
2026-07-29,SKU071,1
2026-07-30,SKU071,2
2026-07-31,SKU071,1
2026-08-01,SKU071,1
2026-08-02,SKU071,1
2026-08-03,SKU071,2
2026-08-04,SKU071,3
2026-08-05,SKU071,1
2026-08-06,SKU071,1
2026-08-07,SKU071,1
2026-08-08,SKU071,1
2026-08-09,SKU071,0
2026-08-10,SKU071,0
2026-08-11,SKU071,1
2026-08-12,SKU071,1
2026-08-13,SKU071,0
2026-08-14,SKU071,0
2026-08-15,SKU071,1
2026-08-16,SKU071,0
2026-08-17,SKU071,2
2026-08-18,SKU071,1
2026-08-19,SKU071,1
2026-08-20,SKU071,1
2026-08-21,SKU071,0
2026-08-22,SKU071,0
2026-08-23,SKU071,0
2026-08-24,SKU071,1
2026-08-25,SKU071,2
2026-08-26,SKU071,0
2026-08-27,SKU071,0
2026-08-28,SKU071,1
2026-08-29,SKU071,1
2026-08-30,SKU071,0
2026-08-31,SKU071,0
2026-09-01,SKU071,1
2026-09-02,SKU071,1
2026-09-03,SKU071,0
2026-09-04,SKU071,3
2026-09-05,SKU071,1
2026-09-06,SKU071,1
2026-09-07,SKU071,1
2026-09-08,SKU071,3
2026-09-09,SKU071,1
2026-09-10,SKU071,1
2026-09-11,SKU071,0
2026-09-12,SKU071,1
2026-09-13,SKU071,1
2026-09-14,SKU071,0
2026-09-15,SKU071,3
2026-09-16,SKU071,1
2026-09-17,SKU071,0
2026-09-18,SKU071,1
2026-09-19,SKU071,1
2026-09-20,SKU071,2
2026-09-21,SKU071,1
2026-09-22,SKU071,1
2026-09-23,SKU071,0
2026-09-24,SKU071,2
2026-09-25,SKU071,0
2026-09-26,SKU071,1
2026-09-27,SKU071,0
2026-09-28,SKU071,1
2026-09-29,SKU071,1
2026-09-30,SKU071,0
2026-10-01,SKU071,1
2026-10-02,SKU071,2
2026-10-03,SKU071,3
2026-07-06,SKU072,3
2026-07-07,SKU072,2
2026-07-08,SKU072,4
2026-07-09,SKU072,0
2026-07-10,SKU072,0
2026-07-11,SKU072,2
2026-07-12,SKU072,2
2026-07-13,SKU072,0
2026-07-14,SKU072,2
2026-07-15,SKU072,3
2026-07-16,SKU072,2
2026-07-17,SKU072,1
2026-07-18,SKU072,3
2026-07-19,SKU072,3
2026-07-20,SKU072,1
2026-07-21,SKU072,5
2026-07-22,SKU072,2
2026-07-23,SKU072,2
2026-07-24,SKU072,2
2026-07-25,SKU072,5
2026-07-26,SKU072,4
2026-07-27,SKU072,0
2026-07-28,SKU072,2
2026-07-29,SKU072,0
2026-07-30,SKU072,3
2026-07-31,SKU072,0
2026-08-01,SKU072,0
2026-08-02,SKU072,3
2026-08-03,SKU072,2
2026-08-04,SKU072,2
2026-08-05,SKU072,2
2026-08-06,SKU072,6
2026-08-07,SKU072,5
2026-08-08,SKU072,0
2026-08-09,SKU072,5
2026-08-10,SKU072,3
2026-08-11,SKU072,5
2026-08-12,SKU072,0
2026-08-13,SKU072,2
2026-08-14,SKU072,0
2026-08-15,SKU072,2
2026-08-16,SKU072,1
2026-08-17,SKU072,3
2026-08-18,SKU072,0
2026-08-19,SKU072,6
2026-08-20,SKU072,0
2026-08-21,SKU072,0
2026-08-22,SKU072,3
2026-08-23,SKU072,0
2026-08-24,SKU072,3
2026-08-25,SKU072,3
2026-08-26,SKU072,4
2026-08-27,SKU072,2
2026-08-28,SKU072,3
2026-08-29,SKU072,0
2026-08-30,SKU072,4
2026-08-31,SKU072,2
2026-09-01,SKU072,1
2026-09-02,SKU072,0
2026-09-03,SKU072,4
2026-09-04,SKU072,1
2026-09-05,SKU072,1
2026-09-06,SKU072,1
2026-09-07,SKU072,3
2026-09-08,SKU072,4
2026-09-09,SKU072,2
2026-09-10,SKU072,3
2026-09-11,SKU072,2
2026-09-12,SKU072,3
2026-09-13,SKU072,4
2026-09-14,SKU072,2
2026-09-15,SKU072,3
2026-09-16,SKU072,1
2026-09-17,SKU072,0
2026-09-18,SKU072,1
2026-09-19,SKU072,3
2026-09-20,SKU072,1
2026-09-21,SKU072,1
2026-09-22,SKU072,0
2026-09-23,SKU072,3
2026-09-24,SKU072,3
2026-09-25,SKU072,0
2026-09-26,SKU072,1
2026-09-27,SKU072,3
2026-09-28,SKU072,1
2026-09-29,SKU072,2
2026-09-30,SKU072,2
2026-10-01,SKU072,1
2026-10-02,SKU072,1
2026-10-03,SKU072,2
2026-07-06,SKU073,2
2026-07-07,SKU073,1
2026-07-08,SKU073,1
2026-07-09,SKU073,1
2026-07-10,SKU073,4
2026-07-11,SKU073,0
2026-07-12,SKU073,0
2026-07-13,SKU073,0
2026-07-14,SKU073,1
2026-07-15,SKU073,3
2026-07-16,SKU073,4
2026-07-17,SKU073,0
2026-07-18,SKU073,5
2026-07-19,SKU073,2
2026-07-20,SKU073,0
2026-07-21,SKU073,0
2026-07-22,SKU073,1
2026-07-23,SKU073,1
2026-07-24,SKU073,0
2026-07-25,SKU073,2
2026-07-26,SKU073,0
2026-07-27,SKU073,0
2026-07-28,SKU073,1
2026-07-29,SKU073,2
2026-07-30,SKU073,0
2026-07-31,SKU073,0
2026-08-01,SKU073,1
2026-08-02,SKU073,0
2026-08-03,SKU073,0
2026-08-04,SKU073,1
2026-08-05,SKU073,1
2026-08-06,SKU073,0
2026-08-07,SKU073,0
2026-08-08,SKU073,0
2026-08-09,SKU073,1
2026-08-10,SKU073,1
2026-08-11,SKU073,0
2026-08-12,SKU073,0
2026-08-13,SKU073,1
2026-08-14,SKU073,0
2026-08-15,SKU073,3
2026-08-16,SKU073,1
2026-08-17,SKU073,2
2026-08-18,SKU073,2
2026-08-19,SKU073,0
2026-08-20,SKU073,0
2026-08-21,SKU073,0
2026-08-22,SKU073,1
2026-08-23,SKU073,1
2026-08-24,SKU073,2
2026-08-25,SKU073,2
2026-08-26,SKU073,0
2026-08-27,SKU073,1
2026-08-28,SKU073,1
2026-08-29,SKU073,0
2026-08-30,SKU073,2
2026-08-31,SKU073,1
2026-09-01,SKU073,0
2026-09-02,SKU073,0
2026-09-03,SKU073,1
2026-09-04,SKU073,1
2026-09-05,SKU073,1
2026-09-06,SKU073,1
2026-09-07,SKU073,2
2026-09-08,SKU073,1
2026-09-09,SKU073,1
2026-09-10,SKU073,1
2026-09-11,SKU073,1
2026-09-12,SKU073,1
2026-09-13,SKU073,1
2026-09-14,SKU073,0
2026-09-15,SKU073,0
2026-09-16,SKU073,1
2026-09-17,SKU073,0
2026-09-18,SKU073,0
2026-09-19,SKU073,1
2026-09-20,SKU073,1
2026-09-21,SKU073,1
2026-09-22,SKU073,1
2026-09-23,SKU073,2
2026-09-24,SKU073,1
2026-09-25,SKU073,2
2026-09-26,SKU073,1
2026-09-27,SKU073,0
2026-09-28,SKU073,1
2026-09-29,SKU073,0
2026-09-30,SKU073,1
2026-10-01,SKU073,2
2026-10-02,SKU073,1
2026-10-03,SKU073,1
2026-07-06,SKU074,1
2026-07-07,SKU074,0
2026-07-08,SKU074,1
2026-07-09,SKU074,1
2026-07-10,SKU074,0
2026-07-11,SKU074,2
2026-07-12,SKU074,0
2026-07-13,SKU074,0
2026-07-14,SKU074,1
2026-07-15,SKU074,1
2026-07-16,SKU074,0
2026-07-17,SKU074,0
2026-07-18,SKU074,1
2026-07-19,SKU074,1
2026-07-20,SKU074,0
2026-07-21,SKU074,0
2026-07-22,SKU074,2
2026-07-23,SKU074,0
2026-07-24,SKU074,1
2026-07-25,SKU074,1
2026-07-26,SKU074,0
2026-07-27,SKU074,1
2026-07-28,SKU074,0
2026-07-29,SKU074,0
2026-07-30,SKU074,0
2026-07-31,SKU074,1
2026-08-01,SKU074,1
2026-08-02,SKU074,0
2026-08-03,SKU074,0
2026-08-04,SKU074,0
2026-08-05,SKU074,0
2026-08-06,SKU074,0
2026-08-07,SKU074,1
2026-08-08,SKU074,0
2026-08-09,SKU074,1
2026-08-10,SKU074,0
2026-08-11,SKU074,1
2026-08-12,SKU074,0
2026-08-13,SKU074,0
2026-08-14,SKU074,1
2026-08-15,SKU074,1
2026-08-16,SKU074,0
2026-08-17,SKU074,0
2026-08-18,SKU074,1
2026-08-19,SKU074,2
2026-08-20,SKU074,0
2026-08-21,SKU074,0
2026-08-22,SKU074,1
2026-08-23,SKU074,0
2026-08-24,SKU074,1
2026-08-25,SKU074,2
2026-08-26,SKU074,0
2026-08-27,SKU074,0
2026-08-28,SKU074,1
2026-08-29,SKU074,1
2026-08-30,SKU074,0
2026-08-31,SKU074,1
2026-09-01,SKU074,1
2026-09-02,SKU074,0
2026-09-03,SKU074,0
2026-09-04,SKU074,0
2026-09-05,SKU074,1
2026-09-06,SKU074,1
2026-09-07,SKU074,1
2026-09-08,SKU074,2
2026-09-09,SKU074,0
2026-09-10,SKU074,0
2026-09-11,SKU074,0
2026-09-12,SKU074,2
2026-09-13,SKU074,1
2026-09-14,SKU074,1
2026-09-15,SKU074,1
2026-09-16,SKU074,2
2026-09-17,SKU074,0
2026-09-18,SKU074,1
2026-09-19,SKU074,1
2026-09-20,SKU074,2
2026-09-21,SKU074,1
2026-09-22,SKU074,0
2026-09-23,SKU074,1
2026-09-24,SKU074,0
2026-09-25,SKU074,1
2026-09-26,SKU074,0
2026-09-27,SKU074,1
2026-09-28,SKU074,0
2026-09-29,SKU074,0
2026-09-30,SKU074,0
2026-10-01,SKU074,2
2026-10-02,SKU074,3
2026-10-03,SKU074,2
